video_name,video_id,window_index,window_start_sec,window_end_sec,zone_id,unique_person_count,avg_person_count_per_frame,max_person_count_per_frame,avg_bbox_area_ratio,total_bbox_area_ratio,avg_detection_confidence,valid_motion_rows,motion_valid_ratio,avg_movement_norm,avg_speed_px_s,avg_speed_norm_s,speed_std_norm_s,avg_acceleration_norm_s2,acceleration_std_norm_s2,avg_direction_change_deg,mean_direction_deg,direction_consistency,ground_truth_label,ground_truth_interval
Crowd-Activity-All.avi,UMN_001,0,0.0,2.0,ZONE_A,2,1.2833,2,0.00756887,0.58280263,0.337439,75,0.974026,0.00065239,7.8287,0.01957167,0.01264751,0.02826865,0.39107056,43.5706,277.5027,0.473795,NORMAL,
Crowd-Activity-All.avi,UMN_001,0,0.0,2.0,ZONE_B,5,4.0667,5,0.01136303,2.77257819,0.432636,239,0.979508,0.00132737,15.9284,0.03982113,0.03245985,-0.00653258,1.02426076,41.6827,227.8363,0.158742,NORMAL,
Crowd-Activity-All.avi,UMN_001,0,0.0,2.0,ZONE_C,4,2.9833,4,0.01124063,2.01207333,0.41279,175,0.977654,0.00106496,12.7795,0.03194864,0.02354265,0.00850373,0.62271124,40.9364,146.0638,0.094038,NORMAL,
Crowd-Activity-All.avi,UMN_001,1,2.0,4.0,ZONE_A,3,1.4333,3,0.00829668,0.71351479,0.319675,84,0.976744,0.0013649,16.3788,0.04094709,0.03108149,-0.00799186,0.76814386,46.2204,208.8918,0.272673,NORMAL,
Crowd-Activity-All.avi,UMN_001,1,2.0,4.0,ZONE_B,9,5.0667,7,0.01041575,3.16638813,0.45392,300,0.986842,0.00136397,16.3677,0.04091913,0.02919488,0.00955372,0.82715023,40.0148,211.6863,0.216654,NORMAL,
Crowd-Activity-All.avi,UMN_001,1,2.0,4.0,ZONE_C,6,2.0333,4,0.0124804,1.52260929,0.454642,116,0.95082,0.00139424,16.7309,0.04182718,0.02690936,0.03725937,0.80246383,33.2847,189.2107,0.468492,NORMAL,
Crowd-Activity-All.avi,UMN_001,2,4.0,6.0,ZONE_A,4,3.1833,4,0.00878276,1.67750722,0.394761,190,0.994764,0.00126048,15.1258,0.03781451,0.02597812,-0.01043499,0.66802816,37.6129,183.3925,0.58777,NORMAL,
Crowd-Activity-All.avi,UMN_001,2,4.0,6.0,ZONE_B,7,3.7,5,0.00909831,2.01982497,0.38656,222,1.0,0.00087527,10.5032,0.0262581,0.01888424,-0.00603798,0.44631852,40.0045,247.5335,0.11106,NORMAL,
Crowd-Activity-All.avi,UMN_001,2,4.0,6.0,ZONE_C,8,4.8333,6,0.01118158,3.24265916,0.466495,286,0.986207,0.00171292,20.5551,0.05138765,0.04640218,-0.00789503,1.36109021,36.5421,132.2028,0.240372,NORMAL,
Crowd-Activity-All.avi,UMN_001,3,6.0,8.0,ZONE_A,5,3.7833,5,0.00949783,2.15600847,0.440467,226,0.995595,0.0006828,8.1936,0.02048404,0.01229543,-0.00582948,0.40003449,42.1837,131.569,0.378991,NORMAL,
Crowd-Activity-All.avi,UMN_001,3,6.0,8.0,ZONE_B,7,4.0167,5,0.0112493,2.71108179,0.401286,237,0.983402,0.00157517,18.902,0.04725511,0.06239852,-0.00021083,2.04095941,47.7821,185.4192,0.29301,NORMAL,
Crowd-Activity-All.avi,UMN_001,3,6.0,8.0,ZONE_C,4,3.45,4,0.01018037,2.10733742,0.50703,206,0.995169,0.0009141,10.9693,0.02742313,0.01987597,0.00660044,0.49329011,39.3333,99.0555,0.190354,NORMAL,
Crowd-Activity-All.avi,UMN_001,4,8.0,10.0,ZONE_A,4,3.7167,4,0.0102276,2.28075387,0.447313,223,1.0,0.00088896,10.6675,0.02666871,0.01994976,-0.00375925,0.54399553,43.1318,90.1278,0.430373,NORMAL,
Crowd-Activity-All.avi,UMN_001,4,8.0,10.0,ZONE_B,5,3.1833,5,0.01029923,1.96715258,0.404036,188,0.984293,0.00131492,15.779,0.03944761,0.0267759,0.0135486,0.82824815,45.4684,168.2605,0.348787,NORMAL,
Crowd-Activity-All.avi,UMN_001,4,8.0,10.0,ZONE_C,3,2.9333,3,0.00973753,1.71380541,0.474338,176,1.0,0.0008847,10.6164,0.02654105,0.01495075,-0.00029576,0.49295881,40.9336,116.3971,0.153539,NORMAL,
Crowd-Activity-All.avi,UMN_001,5,10.0,12.0,ZONE_A,5,3.5833,4,0.01034784,2.22478604,0.432024,214,0.995349,0.00125225,15.0271,0.03756764,0.03951207,0.00637107,1.03009956,40.6162,103.1758,0.365563,NORMAL,
Crowd-Activity-All.avi,UMN_001,5,10.0,12.0,ZONE_B,5,2.2667,3,0.01182751,1.60854141,0.445753,133,0.977941,0.00116201,13.9441,0.03486032,0.03151823,0.0160639,0.99249316,43.3372,170.1272,0.488153,NORMAL,
Crowd-Activity-All.avi,UMN_001,5,10.0,12.0,ZONE_C,4,2.4167,3,0.00924155,1.34002518,0.436061,144,0.993103,0.00101617,12.194,0.03048507,0.02001177,-0.00202565,0.70813541,49.5563,186.3395,0.322173,NORMAL,
Crowd-Activity-All.avi,UMN_001,6,12.0,14.0,ZONE_A,5,3.6,4,0.01019252,2.20158337,0.492064,214,0.990741,0.00077155,9.2586,0.02314661,0.01314028,-2.81e-05,0.43424283,46.0985,116.2846,0.608632,NORMAL,
Crowd-Activity-All.avi,UMN_001,6,12.0,14.0,ZONE_B,5,3.15,4,0.01139354,2.15337941,0.407408,185,0.978836,0.00144264,17.3117,0.04327924,0.04483348,-0.01899867,1.14079192,41.0143,21.7463,0.395719,NORMAL,
Crowd-Activity-All.avi,UMN_001,6,12.0,14.0,ZONE_C,3,2.4333,3,0.00961988,1.40450278,0.45701,143,0.979452,0.00096258,11.5509,0.02887736,0.01797631,0.02694779,0.462663,49.4068,199.3782,0.307597,NORMAL,
Crowd-Activity-All.avi,UMN_001,7,14.0,16.0,ZONE_A,4,2.2667,3,0.01119358,1.52232666,0.466052,135,0.992647,0.00097179,11.6614,0.02915361,0.01467152,0.00911207,0.51778404,41.0171,72.9652,0.536814,NORMAL,
Crowd-Activity-All.avi,UMN_001,7,14.0,16.0,ZONE_B,5,3.7333,4,0.01351376,3.02708325,0.473709,224,1.0,0.00134599,16.1519,0.04037979,0.03488592,-0.00560547,0.98440515,42.8677,3.3535,0.546348,NORMAL,
Crowd-Activity-All.avi,UMN_001,7,14.0,16.0,ZONE_C,5,2.0833,3,0.00958749,1.19843611,0.45329,124,0.992,0.001155,13.86,0.0346499,0.0298211,-0.00477374,0.74227407,41.2332,256.1622,0.419265,NORMAL,
Crowd-Activity-All.avi,UMN_001,8,16.0,18.0,ZONE_A,10,1.9348,3,0.01192563,1.06138103,0.420134,76,0.853933,0.00379062,45.4875,0.11371869,0.08917318,0.26260554,1.66903081,30.7853,61.3566,0.241997,ABNORMAL,UMN_ABN_001
Crowd-Activity-All.avi,UMN_001,8,16.0,18.0,ZONE_B,14,3.0167,5,0.01146913,2.07591336,0.377287,163,0.900552,0.00405162,48.6194,0.1215485,0.07747347,0.10719789,1.78711977,31.2842,63.4445,0.163974,ABNORMAL,UMN_ABN_001
Crowd-Activity-All.avi,UMN_001,8,16.0,18.0,ZONE_C,11,1.902,3,0.01132707,1.0987259,0.457467,85,0.876289,0.00401687,48.2025,0.12050619,0.08803912,0.00920923,1.48703807,22.5159,327.52,0.426904,ABNORMAL,UMN_ABN_001
Crowd-Activity-All.avi,UMN_001,9,18.0,20.0,ZONE_A,6,1.4333,4,0.01218925,0.52413763,0.514057,37,0.860465,0.01010309,121.2371,0.30309281,0.14444877,0.1311058,4.22675236,10.5507,175.9962,0.941995,ABNORMAL,UMN_ABN_001
Crowd-Activity-All.avi,UMN_001,9,18.0,20.0,ZONE_B,3,1.2766,3,0.01721029,1.03261758,0.692786,58,0.966667,0.00571856,68.6227,0.17155687,0.07363261,0.07460609,2.03282751,15.1606,39.8862,0.827587,ABNORMAL,UMN_ABN_001
Crowd-Activity-All.avi,UMN_001,9,18.0,20.0,ZONE_C,9,1.7843,3,0.01225491,1.11519656,0.572642,82,0.901099,0.00689472,82.7366,0.20684153,0.09938095,-0.33397069,3.00393693,15.842,7.4603,0.905741,ABNORMAL,UMN_ABN_001
Crowd-Activity-All.avi,UMN_001,10,20.0,22.0,ZONE_A,5,3.4412,4,0.01217436,1.42440018,0.544043,113,0.965812,0.00119226,14.3072,0.03576795,0.01985081,0.01245124,0.58229118,32.6874,280.5221,0.280536,ABNORMAL,UMN_ABN_001
Crowd-Activity-All.avi,UMN_001,10,20.0,22.0,ZONE_B,5,3.4706,4,0.01050727,1.23985741,0.405482,113,0.957627,0.00117723,14.1267,0.03531675,0.02367251,-7.887e-05,0.65336357,32.9137,20.1039,0.340197,ABNORMAL,UMN_ABN_001
Crowd-Activity-All.avi,UMN_001,10,20.0,22.0,ZONE_C,3,1.4186,2,0.00827353,0.50468517,0.485371,60,0.983607,0.00184762,22.1714,0.05542846,0.04039091,0.01963378,0.77889651,27.4319,92.3655,0.074917,ABNORMAL,UMN_ABN_001
Crowd-Activity-All.avi,UMN_001,11,22.0,24.0,ZONE_A,7,4.4167,5,0.01040051,2.75613478,0.434416,261,0.984906,0.00125514,15.0617,0.03765422,0.02649555,-0.00114285,0.94014176,46.2203,209.0335,0.26004,NORMAL,
Crowd-Activity-All.avi,UMN_001,11,22.0,24.0,ZONE_B,9,4.3,6,0.01118688,2.8862141,0.46777,252,0.976744,0.00140819,16.8983,0.0422457,0.04363628,-0.00732543,1.13450806,50.9866,10.5585,0.431782,NORMAL,
Crowd-Activity-All.avi,UMN_001,11,22.0,24.0,ZONE_C,2,2.0,2,0.00933491,1.12018902,0.519881,120,1.0,0.00133158,15.979,0.03994751,0.02559186,-0.00187592,0.83163381,39.6177,148.428,0.439838,NORMAL,
Crowd-Activity-All.avi,UMN_001,12,24.0,26.0,ZONE_A,7,3.5333,5,0.01052622,2.23155911,0.515121,206,0.971698,0.0009277,11.1325,0.02783112,0.02730835,0.00628648,0.80219415,51.1572,334.0269,0.18562,NORMAL,
Crowd-Activity-All.avi,UMN_001,12,24.0,26.0,ZONE_B,10,5.7833,8,0.01092744,3.79181996,0.480372,344,0.991354,0.00162544,19.5053,0.04876331,0.03539214,0.00127851,1.12571146,46.2711,2.9172,0.235329,NORMAL,
Crowd-Activity-All.avi,UMN_001,12,24.0,26.0,ZONE_C,2,1.0455,2,0.00846296,0.19464816,0.507642,23,1.0,0.00185466,22.2559,0.05563975,0.02706054,0.01390297,0.63873645,32.3325,165.4546,0.36167,NORMAL,
Crowd-Activity-All.avi,UMN_001,13,26.0,28.0,ZONE_A,4,2.9333,4,0.01344696,2.36666469,0.560304,166,0.943182,0.00134957,16.1949,0.04048715,0.03919287,-0.00091234,1.39982408,46.3294,337.189,0.502747,NORMAL,
Crowd-Activity-All.avi,UMN_001,13,26.0,28.0,ZONE_B,12,5.1333,7,0.01160764,3.5751546,0.501748,300,0.974026,0.00171631,20.5957,0.05148929,0.06099438,-0.00827481,1.94667409,49.7135,325.4112,0.003548,NORMAL,
Crowd-Activity-All.avi,UMN_001,13,26.0,28.0,ZONE_C,2,1.0,1,0.01192785,0.52482548,0.55486,44,1.0,0.00121934,14.6321,0.0365803,0.03244141,-0.06215035,0.67086528,41.6165,35.7635,0.244004,NORMAL,
Crowd-Activity-All.avi,UMN_001,14,28.0,30.0,ZONE_A,5,2.5667,4,0.01074656,1.65497081,0.505061,152,0.987013,0.00093851,11.2621,0.02815523,0.02643025,-0.02699261,0.72376075,53.3068,254.3635,0.33488,NORMAL,
Crowd-Activity-All.avi,UMN_001,14,28.0,30.0,ZONE_B,9,4.6167,7,0.01023554,2.83524466,0.435391,273,0.98556,0.00163887,19.6665,0.0491662,0.03894025,0.03936738,1.01543679,44.8473,241.8759,0.087886,NORMAL,
Crowd-Activity-All.avi,UMN_001,14,28.0,30.0,ZONE_C,2,1.95,2,0.01011693,1.18368109,0.559042,116,0.991453,0.00123784,14.854,0.03713509,0.02098406,0.00341449,0.46570544,30.843,342.3237,0.842741,NORMAL,
Crowd-Activity-All.avi,UMN_001,15,30.0,32.0,ZONE_A,5,4.1667,5,0.0098794,2.4698505,0.526055,249,0.996,0.00076883,9.2259,0.02306483,0.01809363,-0.00582696,0.45602076,36.5032,257.9613,0.43638,NORMAL,
Crowd-Activity-All.avi,UMN_001,15,30.0,32.0,ZONE_B,8,2.9833,6,0.01091155,1.95316796,0.445214,173,0.96648,0.00175712,21.0854,0.05271357,0.03364042,0.00523573,0.93442407,37.2689,328.3332,0.213173,NORMAL,
Crowd-Activity-All.avi,UMN_001,15,30.0,32.0,ZONE_C,3,1.5667,2,0.01014521,0.95364992,0.496034,93,0.989362,0.00091759,11.011,0.02752761,0.01824788,-0.02005901,0.50596474,36.0868,330.9544,0.691352,NORMAL,
Crowd-Activity-All.avi,UMN_001,16,32.0,34.0,ZONE_A,4,3.0333,4,0.01021948,1.8599445,0.511665,182,1.0,0.0007041,8.4492,0.0211229,0.01399557,0.00066384,0.42040875,43.5694,289.1251,0.545023,NORMAL,
Crowd-Activity-All.avi,UMN_001,16,32.0,34.0,ZONE_B,7,4.5833,6,0.00918729,2.52650543,0.392388,274,0.996364,0.00111446,13.3735,0.03343378,0.0281144,-0.00102126,0.77521428,52.1202,112.1066,0.172836,NORMAL,
Crowd-Activity-All.avi,UMN_001,16,32.0,34.0,ZONE_C,4,3.1167,4,0.01020541,1.90841076,0.486629,185,0.989305,0.00114702,13.7642,0.03441058,0.02458187,0.00102828,0.5805515,40.8978,334.5275,0.480755,NORMAL,
Crowd-Activity-All.avi,UMN_001,17,34.0,36.0,ZONE_A,6,3.3333,5,0.00926605,1.8532099,0.431003,197,0.985,0.00095958,11.515,0.02878749,0.02067218,0.03393878,0.63472112,44.8818,331.7354,0.464713,NORMAL,
Crowd-Activity-All.avi,UMN_001,17,34.0,36.0,ZONE_B,5,3.95,5,0.00922664,2.18671299,0.448971,235,0.991561,0.00092412,11.0895,0.02772366,0.02077612,0.01076171,0.5009521,46.8198,36.8656,0.297899,NORMAL,
Crowd-Activity-All.avi,UMN_001,17,34.0,36.0,ZONE_C,6,4.0167,5,0.00966204,2.32855186,0.469044,240,0.995851,0.00098698,11.8438,0.02960943,0.02118574,0.00383058,0.67733643,45.409,83.9014,0.163481,NORMAL,
Crowd-Activity-All.avi,UMN_001,18,36.0,38.0,ZONE_A,6,2.35,4,0.00958716,1.35178914,0.373013,137,0.971631,0.00132009,15.8411,0.03960278,0.03323333,-0.02291143,0.94864767,33.98,359.7365,0.434918,NORMAL,
Crowd-Activity-All.avi,UMN_001,18,36.0,38.0,ZONE_B,9,5.6,8,0.00888723,2.98610775,0.422244,332,0.988095,0.00092,11.04,0.02760002,0.02979189,0.01775189,0.8725021,49.6143,337.6102,0.077565,NORMAL,
Crowd-Activity-All.avi,UMN_001,18,36.0,38.0,ZONE_C,4,3.4333,4,0.00967172,1.99237331,0.465932,206,1.0,0.00116469,13.9763,0.03494068,0.02443152,0.02490585,0.61402382,38.9354,174.5201,0.554957,NORMAL,
Crowd-Activity-All.avi,UMN_001,19,38.0,40.0,ZONE_A,3,1.7,2,0.0088343,0.90109875,0.444946,100,0.980392,0.00106181,12.7418,0.03185438,0.02389871,-0.00543267,0.51745552,39.3311,48.0866,0.356698,NORMAL,
Crowd-Activity-All.avi,UMN_001,19,38.0,40.0,ZONE_B,12,5.6667,8,0.01044044,3.54974924,0.435587,333,0.979412,0.00152106,18.2528,0.04563195,0.04771155,0.0263538,1.40257139,42.2499,230.5766,0.192897,NORMAL,
Crowd-Activity-All.avi,UMN_001,19,38.0,40.0,ZONE_C,2,1.7667,2,0.00912275,0.96701192,0.516734,106,1.0,0.00117784,14.134,0.03533512,0.01812497,-0.00331581,0.48513285,36.8816,160.5092,0.536198,NORMAL,
Crowd-Activity-All.avi,UMN_001,20,40.0,42.0,ZONE_A,2,1.5667,2,0.01037826,0.97555612,0.577702,94,1.0,0.00115259,13.8311,0.03457766,0.02835513,-0.02138041,0.5551905,30.9979,121.423,0.460321,NORMAL,
Crowd-Activity-All.avi,UMN_001,20,40.0,42.0,ZONE_B,10,4.3,6,0.00959815,2.47632368,0.469852,250,0.968992,0.00132209,15.8651,0.03966278,0.02887777,0.00746791,0.78218217,34.2774,160.8093,0.383725,NORMAL,
Crowd-Activity-All.avi,UMN_001,20,40.0,42.0,ZONE_C,2,1.5167,2,0.01137984,1.03556579,0.636867,91,1.0,0.00092303,11.0763,0.02769079,0.01803831,0.00069469,0.41746786,31.9838,34.3668,0.559908,NORMAL,
Crowd-Activity-All.avi,UMN_001,21,42.0,44.0,ZONE_A,3,1.75,2,0.01101228,1.00211725,0.452524,87,0.956044,0.00218963,26.2755,0.06568875,0.07658797,0.06661502,1.06692369,30.6045,141.8655,0.533094,ABNORMAL,UMN_ABN_002
Crowd-Activity-All.avi,UMN_001,21,42.0,44.0,ZONE_B,10,3.6667,6,0.00938943,2.06567406,0.519656,213,0.968182,0.00179907,21.5888,0.05397209,0.05495148,0.10926661,1.2886457,40.881,135.9422,0.293633,ABNORMAL,UMN_ABN_002
Crowd-Activity-All.avi,UMN_001,21,42.0,44.0,ZONE_C,3,1.7797,2,0.01085427,1.13969857,0.585632,102,0.971429,0.00215128,25.8154,0.0645384,0.07049079,0.05903721,1.1536124,31.2329,133.8853,0.185388,ABNORMAL,UMN_ABN_002
Crowd-Activity-All.avi,UMN_001,22,44.0,46.0,ZONE_A,1,1.0,1,0.01415115,0.26887185,0.416624,17,0.894737,0.00822273,98.6728,0.24668188,0.06750808,-0.2037535,2.58067153,14.6315,180.0608,0.945776,ABNORMAL,UMN_ABN_002
Crowd-Activity-All.avi,UMN_001,22,44.0,46.0,ZONE_B,4,2.1667,3,0.01128497,1.46704593,0.679369,129,0.992308,0.00352846,42.3415,0.10585365,0.04737421,0.03962475,1.59296966,31.1073,58.7719,0.763282,ABNORMAL,UMN_ABN_002
Crowd-Activity-All.avi,UMN_001,22,44.0,46.0,ZONE_C,9,2.15,4,0.01260904,1.62656612,0.580575,121,0.937984,0.00632685,75.9222,0.1898056,0.0885551,-0.00622558,2.89045631,16.7488,15.7566,0.841757,ABNORMAL,UMN_ABN_002
Crowd-Activity-All.avi,UMN_001,23,46.0,48.0,ZONE_B,1,1.0,1,0.01499196,0.68962998,0.812903,46,1.0,0.00440285,52.8343,0.13208563,0.06043438,0.03937302,1.45895976,19.3049,64.8657,0.874532,ABNORMAL,UMN_ABN_002
Crowd-Activity-All.avi,UMN_001,23,46.0,48.0,ZONE_C,4,1.2909,2,0.01032028,0.73274018,0.718593,70,0.985915,0.00364071,43.6885,0.10922121,0.05933374,-0.06263064,1.88415177,19.6007,51.9087,0.843766,ABNORMAL,UMN_ABN_002
Crowd-Activity-All.avi,UMN_001,24,48.0,50.0,ZONE_A,3,2.1739,3,0.0101706,1.01706012,0.550315,97,0.97,0.00028786,3.4543,0.00863574,0.00773502,0.00202071,0.25593656,70.3953,195.4623,0.159383,ABNORMAL,UMN_ABN_002
Crowd-Activity-All.avi,UMN_001,24,48.0,50.0,ZONE_B,5,4.3043,5,0.0103801,2.05525949,0.534685,193,0.974747,0.00082577,9.9093,0.02477323,0.02082546,0.00622668,0.6205323,52.0505,207.3828,0.223728,ABNORMAL,UMN_ABN_002
Crowd-Activity-All.avi,UMN_001,25,50.0,52.0,ZONE_A,4,3.5,4,0.00932501,1.95825164,0.456092,209,0.995238,0.00064049,7.6859,0.01921476,0.02085525,0.00752468,0.40450771,60.6195,308.597,0.061137,NORMAL,
Crowd-Activity-All.avi,UMN_001,25,50.0,52.0,ZONE_B,5,4.1667,5,0.01044523,2.61130675,0.500997,250,1.0,0.00093764,11.2517,0.02812932,0.02664208,0.00644717,0.81610117,54.8678,245.299,0.026127,NORMAL,
Crowd-Activity-All.avi,UMN_001,26,52.0,54.0,ZONE_A,5,3.4667,5,0.00981553,2.04162954,0.459676,206,0.990385,0.00068014,8.1617,0.02040421,0.02532158,0.00066583,0.52000889,67.1237,183.6837,0.246571,NORMAL,
Crowd-Activity-All.avi,UMN_001,26,52.0,54.0,ZONE_B,6,4.5,5,0.01072831,2.89664341,0.472493,267,0.988889,0.00109137,13.0964,0.03274109,0.04082529,-0.00574296,1.14045284,54.1296,317.4438,0.095949,NORMAL,
Crowd-Activity-All.avi,UMN_001,27,54.0,56.0,ZONE_A,4,2.9333,4,0.01039404,1.82935077,0.420448,174,0.988636,0.00083503,10.0204,0.02505094,0.02308436,0.02351226,0.74819942,66.1611,208.1381,0.160352,NORMAL,
Crowd-Activity-All.avi,UMN_001,27,54.0,56.0,ZONE_B,5,4.3,5,0.01068303,2.75622184,0.574686,257,0.996124,0.00071877,8.6252,0.02156297,0.02254387,-0.00088856,0.61848529,48.8567,358.9838,0.158846,NORMAL,
Crowd-Activity-All.avi,UMN_001,28,56.0,58.0,ZONE_A,4,1.8333,4,0.01082649,1.19091361,0.357734,108,0.981818,0.0012204,14.6448,0.03661198,0.03821796,-0.01805945,1.43055994,57.101,353.1618,0.269675,NORMAL,
Crowd-Activity-All.avi,UMN_001,28,56.0,58.0,ZONE_B,7,5.45,6,0.01001178,3.27385325,0.424917,325,0.993884,0.00075218,9.0262,0.02256545,0.02258631,0.00563213,0.64512787,47.4187,280.0087,0.243713,NORMAL,
Crowd-Activity-All.avi,UMN_001,29,58.0,60.0,ZONE_A,6,1.9649,3,0.01235162,1.38338132,0.384717,106,0.946429,0.00201904,24.2285,0.06057133,0.03655155,0.04044572,1.08143208,42.8599,209.1225,0.270063,NORMAL,
Crowd-Activity-All.avi,UMN_001,29,58.0,60.0,ZONE_B,10,4.9667,7,0.01006715,3.00001115,0.427684,291,0.97651,0.00166973,20.0368,0.05009198,0.04200846,0.0189541,1.21557378,50.0331,120.6374,0.114601,NORMAL,
Crowd-Activity-All.avi,UMN_001,30,60.0,62.0,ZONE_A,4,1.2083,2,0.01230672,0.35689498,0.435181,26,0.896552,0.00416626,49.9952,0.12498787,0.06232436,0.64555398,1.52479773,19.6991,332.4363,0.88772,ABNORMAL,UMN_ABN_003
Crowd-Activity-All.avi,UMN_001,30,60.0,62.0,ZONE_B,12,3.9667,6,0.00819525,1.95047035,0.520095,223,0.936975,0.00385269,46.2323,0.11558073,0.0777837,0.11892771,2.21132855,32.0209,311.751,0.514623,ABNORMAL,UMN_ABN_003
Crowd-Activity-All.avi,UMN_001,31,62.0,64.0,ZONE_A,3,1.0,1,0.00611619,0.04281335,0.36657,4,0.571429,0.00175046,21.0054,0.05251359,0.01703556,0.15637242,0.18720326,17.7248,312.4287,0.905384,ABNORMAL,UMN_ABN_003
Crowd-Activity-All.avi,UMN_001,31,62.0,64.0,ZONE_B,4,2.0333,4,0.00533721,0.65113927,0.648935,118,0.967213,0.00229088,27.4906,0.06872639,0.04782048,-0.03602105,0.9561142,24.9434,293.4267,0.653842,ABNORMAL,UMN_ABN_003
Crowd-Activity-All.avi,UMN_001,32,64.0,66.0,ZONE_A,1,1.0,1,0.00923814,0.04619069,0.319316,3,0.6,0.00207645,24.9174,0.06229335,0.00696305,-0.01821102,0.35997283,84.3809,336.3142,0.404839,ABNORMAL,UMN_ABN_003
Crowd-Activity-All.avi,UMN_001,32,64.0,66.0,ZONE_B,3,1.25,2,0.0039221,0.29415751,0.458886,72,0.96,0.00124771,14.9726,0.03743144,0.02707261,-0.0055059,0.81931227,51.7315,207.9548,0.333359,ABNORMAL,UMN_ABN_003
Crowd-Activity-All.avi,UMN_001,33,66.0,68.0,ZONE_A,7,6.5676,7,0.00845705,2.05506225,0.397098,236,0.971193,0.00087987,10.5585,0.02639618,0.02644267,-0.00192176,0.82932167,54.7726,297.5043,0.166838,ABNORMAL,UMN_ABN_003
Crowd-Activity-All.avi,UMN_001,33,66.0,68.0,ZONE_B,5,2.5,3,0.00775367,1.00797649,0.444198,127,0.976923,0.00040998,4.9197,0.0122993,0.01198381,0.00276007,0.37041689,72.8432,295.2107,0.057822,ABNORMAL,UMN_ABN_003
Crowd-Activity-All.avi,UMN_001,34,68.0,70.0,ZONE_A,7,4.6,7,0.00836962,2.31001473,0.410082,275,0.996377,0.00062681,7.5217,0.01880436,0.01543113,-0.0002589,0.4800781,67.8274,0.3414,0.113671,NORMAL,
Crowd-Activity-All.avi,UMN_001,34,68.0,70.0,ZONE_B,4,3.45,4,0.00909804,1.88329374,0.527518,205,0.990338,0.00077382,9.2858,0.02321453,0.02223523,-0.00389825,0.47070639,51.0989,114.3542,0.133789,NORMAL,
Crowd-Activity-All.avi,UMN_001,35,70.0,72.0,ZONE_A,5,4.2167,5,0.00987499,2.49837244,0.385662,251,0.992095,0.0008083,9.6996,0.02424896,0.02517964,0.00632883,0.87567519,62.3542,275.3761,0.094072,NORMAL,
Crowd-Activity-All.avi,UMN_001,35,70.0,72.0,ZONE_B,6,4.1667,5,0.00847049,2.11762366,0.45741,249,0.996,0.00069967,8.396,0.02099011,0.01898711,-0.00586394,0.58460929,52.9148,25.4471,0.340984,NORMAL,
Crowd-Activity-All.avi,UMN_001,36,72.0,74.0,ZONE_A,6,3.8,5,0.01061843,2.42100145,0.431387,223,0.97807,0.0011827,14.1924,0.03548096,0.04250026,0.01229183,1.51368575,53.1608,338.0616,0.377923,NORMAL,
Crowd-Activity-All.avi,UMN_001,36,72.0,74.0,ZONE_B,6,3.4,5,0.00929773,1.89673649,0.438781,203,0.995098,0.00048904,5.8684,0.01467106,0.03499398,0.00327034,0.85735784,71.2171,37.5788,0.138883,NORMAL,
Crowd-Activity-All.avi,UMN_001,37,74.0,76.0,ZONE_A,4,3.05,4,0.01139569,2.08541169,0.475561,181,0.989071,0.00150365,18.0438,0.04510939,0.04878228,0.04033039,1.36482065,51.7209,280.5009,0.398526,NORMAL,
Crowd-Activity-All.avi,UMN_001,37,74.0,76.0,ZONE_B,6,4.25,5,0.00919819,2.34553897,0.467495,253,0.992157,0.00056332,6.7599,0.01689974,0.01923018,-0.0053018,0.59285208,67.6443,92.7056,0.080858,NORMAL,
Crowd-Activity-All.avi,UMN_001,38,76.0,78.0,ZONE_A,4,3.1167,4,0.01234578,2.3086616,0.429064,185,0.989305,0.00104276,12.5131,0.03128274,0.03654662,-0.00428613,1.27525212,49.1019,284.5079,0.270102,NORMAL,
Crowd-Activity-All.avi,UMN_001,38,76.0,78.0,ZONE_B,9,5.1,7,0.00905295,2.77020349,0.420313,302,0.986928,0.00105606,12.6727,0.03168181,0.04110221,0.00897961,1.34663298,56.3509,235.2245,0.067988,NORMAL,
Crowd-Activity-All.avi,UMN_001,39,78.0,80.0,ZONE_A,4,3.5667,4,0.01141775,2.4433992,0.464123,212,0.990654,0.00068078,8.1693,0.02042329,0.01580906,-0.00317107,0.5847973,59.3464,308.7977,0.17962,NORMAL,
Crowd-Activity-All.avi,UMN_001,39,78.0,80.0,ZONE_B,7,4.4667,6,0.00946686,2.53711783,0.47365,267,0.996269,0.00080681,9.6817,0.02420429,0.0247491,0.00948992,0.65337624,57.9033,290.4349,0.330912,NORMAL,
Crowd-Activity-All.avi,UMN_001,40,80.0,82.0,ZONE_A,5,2.9,4,0.01039344,1.80845924,0.406178,172,0.988506,0.0005412,6.4944,0.01623603,0.02581815,0.00132992,0.84310393,67.889,213.1445,0.178593,NORMAL,
Crowd-Activity-All.avi,UMN_001,40,80.0,82.0,ZONE_B,7,4.3667,5,0.0082567,2.16325592,0.443669,258,0.984733,0.00089438,10.7326,0.02683148,0.03454469,0.0031497,0.88947387,57.0758,304.2097,0.112565,NORMAL,
Crowd-Activity-All.avi,UMN_001,41,82.0,84.0,ZONE_A,9,2.6333,4,0.01204421,1.90298478,0.395132,151,0.955696,0.00184116,22.0939,0.0552348,0.09249093,0.06935628,2.46265084,55.3588,144.5035,0.173826,NORMAL,
Crowd-Activity-All.avi,UMN_001,41,82.0,84.0,ZONE_B,8,6.1667,7,0.00791679,2.92921349,0.438825,368,0.994595,0.00067421,8.0905,0.02022619,0.02188429,0.00956341,0.45783612,61.4378,246.636,0.095356,NORMAL,
Crowd-Activity-All.avi,UMN_001,42,84.0,86.0,ZONE_A,5,2.5833,3,0.0097596,1.51273767,0.423446,152,0.980645,0.00088522,10.6226,0.0265565,0.03005282,0.02808295,0.75946947,54.5988,81.6399,0.192448,ABNORMAL,UMN_ABN_004
Crowd-Activity-All.avi,UMN_001,42,84.0,86.0,ZONE_B,7,4.3833,6,0.00959237,2.52279404,0.432882,260,0.988593,0.00106587,12.7904,0.03197612,0.04141661,0.03071158,1.15920533,55.2348,358.5205,0.240122,ABNORMAL,UMN_ABN_004
Crowd-Activity-All.avi,UMN_001,43,86.0,88.0,ZONE_A,7,1.7778,4,0.00896279,0.57361865,0.351668,58,0.90625,0.00301514,36.1817,0.09045421,0.04660737,0.10038084,1.77859233,38.7978,95.8159,0.715269,ABNORMAL,UMN_ABN_004
Crowd-Activity-All.avi,UMN_001,43,86.0,88.0,ZONE_B,11,3.2,5,0.0091472,1.75626253,0.391291,182,0.947917,0.00344855,41.3826,0.10345655,0.05581341,0.02576496,1.8719891,20.7545,104.5809,0.830369,ABNORMAL,UMN_ABN_004
Crowd-Activity-All.avi,UMN_001,44,88.0,90.0,ZONE_A,6,1.4667,3,0.00873247,0.57634279,0.505181,61,0.924242,0.00279404,33.5284,0.08382109,0.05601023,-0.01389977,1.22689522,34.7199,111.3653,0.625341,ABNORMAL,UMN_ABN_004
Crowd-Activity-All.avi,UMN_001,44,88.0,90.0,ZONE_B,9,2.8444,5,0.00910153,1.16499639,0.583392,124,0.96875,0.00268751,32.2501,0.08062525,0.05692383,0.01256577,1.12237453,21.38,94.1413,0.684601,ABNORMAL,UMN_ABN_004
Crowd-Activity-All.avi,UMN_001,45,90.0,92.0,ZONE_A,4,2.7833,4,0.01200364,2.00460723,0.411306,163,0.976048,0.0010187,12.2244,0.03056106,0.02837468,0.0548709,0.86473704,73.9681,114.117,0.15591,ABNORMAL,UMN_ABN_004
Crowd-Activity-All.avi,UMN_001,45,90.0,92.0,ZONE_B,8,4.5,6,0.01008872,2.72395323,0.47744,266,0.985185,0.00113837,13.6604,0.03415097,0.02954133,-0.00177015,0.77783198,47.4844,207.1271,0.140095,ABNORMAL,UMN_ABN_004
Crowd-Activity-All.avi,UMN_001,46,92.0,94.0,ZONE_A,3,2.0333,3,0.01424212,1.73753871,0.350265,119,0.97541,0.00082062,9.8474,0.02461859,0.0242465,-0.02560713,0.72226385,57.1442,164.21,0.020044,ABNORMAL,UMN_ABN_004
Crowd-Activity-All.avi,UMN_001,46,92.0,94.0,ZONE_B,8,4.7167,6,0.01046571,2.96179619,0.556642,280,0.989399,0.00100894,12.1073,0.03026823,0.02489685,-0.00730614,0.79017116,55.8655,274.4305,0.149786,ABNORMAL,UMN_ABN_004
Crowd-Activity-All.avi,UMN_001,47,94.0,96.0,ZONE_A,2,2.0,2,0.01314635,1.57756224,0.370998,120,1.0,0.00075531,9.0637,0.02265914,0.02431486,-0.00553565,0.7834772,67.2273,290.1761,0.208103,NORMAL,
Crowd-Activity-All.avi,UMN_001,47,94.0,96.0,ZONE_B,10,6.2333,8,0.0093998,3.51552421,0.495046,367,0.981283,0.00103146,12.3776,0.03094391,0.02945747,-0.01454862,0.90476002,51.2484,176.5743,0.239225,NORMAL,
Crowd-Activity-All.avi,UMN_001,48,96.0,98.0,ZONE_A,4,2.6,4,0.01085365,1.69316878,0.327396,155,0.99359,0.00109715,13.1658,0.03291457,0.03281998,0.07429614,1.03865203,59.1812,177.1243,0.3374,NORMAL,
Crowd-Activity-All.avi,UMN_001,48,96.0,98.0,ZONE_B,11,5.75,7,0.00936762,3.23182776,0.380644,339,0.982609,0.00111383,13.366,0.03341492,0.03173647,0.00922577,0.71458478,49.8295,202.2934,0.189283,NORMAL,
Crowd-Activity-All.avi,UMN_001,49,98.0,100.0,ZONE_A,5,2.1333,4,0.01091713,1.39739297,0.364763,120,0.9375,0.00132553,15.9063,0.03976583,0.04261253,-0.0741755,0.82101096,44.1377,187.0281,0.373502,NORMAL,
Crowd-Activity-All.avi,UMN_001,49,98.0,100.0,ZONE_B,7,5.1167,7,0.00801114,2.45941961,0.384373,304,0.990228,0.00125196,15.0235,0.0375587,0.0326936,-0.00628275,0.64218583,52.5715,168.2563,0.291106,NORMAL,
Crowd-Activity-All.avi,UMN_001,50,100.0,102.0,ZONE_A,6,1.4667,3,0.01211615,0.79966577,0.305225,63,0.954545,0.00171278,20.5533,0.0513833,0.05341115,0.14336424,1.5880623,57.3507,176.6199,0.192513,NORMAL,
Crowd-Activity-All.avi,UMN_001,50,100.0,102.0,ZONE_B,7,5.9,7,0.00893226,3.16201852,0.451789,350,0.988701,0.00087685,10.5222,0.02630538,0.02184073,0.00904511,0.60766092,49.9522,188.1369,0.22392,NORMAL,
Crowd-Activity-All.avi,UMN_001,51,102.0,104.0,ZONE_A,5,1.8644,4,0.01211399,1.33253883,0.431361,107,0.972727,0.00118532,14.2238,0.03555949,0.03531536,0.03278572,1.25103697,47.8821,157.4677,0.434943,NORMAL,
Crowd-Activity-All.avi,UMN_001,51,102.0,104.0,ZONE_B,8,5.3667,7,0.01013869,3.2646579,0.383461,317,0.984472,0.00113222,13.5866,0.03396653,0.02924919,0.02187185,0.84977332,41.7595,193.9914,0.166319,NORMAL,
Crowd-Activity-All.avi,UMN_001,52,104.0,106.0,ZONE_A,4,1.95,4,0.01250347,1.46290646,0.424831,117,1.0,0.00174569,20.9483,0.05237075,0.02962579,-0.01036706,0.78958363,30.7508,188.6618,0.567306,NORMAL,
Crowd-Activity-All.avi,UMN_001,52,104.0,106.0,ZONE_B,8,4.45,5,0.00996427,2.66046074,0.357229,263,0.985019,0.00113158,13.5789,0.03394729,0.03849517,0.01977567,0.90712747,53.3493,237.601,0.061547,NORMAL,
Crowd-Activity-All.avi,UMN_001,53,106.0,108.0,ZONE_A,7,1.625,3,0.00670006,0.522605,0.391189,73,0.935897,0.00282604,33.9125,0.08478126,0.04654133,0.08725729,1.47724374,36.5117,319.0552,0.441948,ABNORMAL,UMN_ABN_005
Crowd-Activity-All.avi,UMN_001,53,106.0,108.0,ZONE_B,7,4.9667,6,0.00894404,2.66532486,0.566177,293,0.983221,0.00230667,27.68,0.06920003,0.04682567,0.03968713,1.21708278,32.0406,263.8909,0.344682,ABNORMAL,UMN_ABN_005
Crowd-Activity-All.avi,UMN_001,54,108.0,110.0,ZONE_A,3,1.2593,3,0.01070896,0.36410448,0.462614,32,0.941176,0.00380375,45.645,0.11411255,0.06890386,-0.14436457,1.91187813,24.1406,108.9465,0.365453,ABNORMAL,UMN_ABN_005
Crowd-Activity-All.avi,UMN_001,54,108.0,110.0,ZONE_B,6,3.7667,5,0.00551087,1.24545667,0.667075,225,0.995575,0.00205917,24.71,0.06177511,0.03451199,-0.01586708,0.89469468,19.6745,305.2199,0.875873,ABNORMAL,UMN_ABN_005
Crowd-Activity-All.avi,UMN_001,54,108.0,110.0,ZONE_C,1,1.0,1,0.01090395,0.01090395,0.482575,0,0.0,0.0,0.0,0.0,0.0,0.0,0.0,0.0,0.0,0.0,ABNORMAL,UMN_ABN_005
Crowd-Activity-All.avi,UMN_001,55,110.0,112.0,ZONE_B,3,3.0,3,0.00365036,0.65706428,0.619123,180,1.0,0.00096582,11.5898,0.02897455,0.02069549,-0.00080878,0.6986972,42.3564,260.0426,0.405007,ABNORMAL,UMN_ABN_005
Crowd-Activity-All.avi,UMN_001,56,112.0,114.0,ZONE_B,3,1.9216,3,0.00380939,0.37331993,0.458425,96,0.979592,0.00109703,13.1644,0.03291101,0.02165307,-0.00845613,0.60107716,43.6967,185.9898,0.564681,ABNORMAL,UMN_ABN_005
Crowd-Activity-All.avi,UMN_001,57,114.0,116.0,ZONE_A,1,1.0,1,0.00827853,0.19868462,0.464093,23,0.958333,0.00062798,7.5357,0.01883936,0.00960603,0.02145802,0.42018399,40.5227,312.2599,0.566573,ABNORMAL,UMN_ABN_005
Crowd-Activity-All.avi,UMN_001,57,114.0,116.0,ZONE_B,7,5.9583,7,0.00978758,1.39962378,0.478386,134,0.937063,0.0009337,11.2044,0.02801111,0.02458225,-0.0045326,0.71444414,56.7361,104.2534,0.220741,ABNORMAL,UMN_ABN_005
Crowd-Activity-All.avi,UMN_001,58,116.0,118.0,ZONE_A,1,1.0,1,0.00743065,0.44583911,0.2702,60,1.0,0.00050194,6.0232,0.01505809,0.00885225,-0.00751664,0.29811577,60.3847,204.3079,0.112232,NORMAL,
Crowd-Activity-All.avi,UMN_001,58,116.0,118.0,ZONE_B,8,6.1833,7,0.01012788,3.75744468,0.479809,367,0.989218,0.00098374,11.8049,0.02951229,0.03105963,0.00294425,0.65500824,53.7698,158.2606,0.243206,NORMAL,
Crowd-Activity-All.avi,UMN_001,59,118.0,120.0,ZONE_A,3,1.234,2,0.00844031,0.48953782,0.249028,55,0.948276,0.00092575,11.109,0.02777259,0.01577383,-0.00075618,0.59675392,51.7603,84.7215,0.582676,NORMAL,
Crowd-Activity-All.avi,UMN_001,59,118.0,120.0,ZONE_B,10,5.3333,6,0.01006491,3.22077097,0.48109,314,0.98125,0.0012738,15.2856,0.038214,0.03071773,0.02244745,0.71003689,40.9458,165.5294,0.257865,NORMAL,
Crowd-Activity-All.avi,UMN_001,60,120.0,122.0,ZONE_A,4,1.4364,2,0.01121882,0.88628647,0.351388,75,0.949367,0.00226673,27.2007,0.06800182,0.06270206,0.20381174,1.46310225,43.8353,132.1523,0.364069,NORMAL,
Crowd-Activity-All.avi,UMN_001,60,120.0,122.0,ZONE_B,9,6.5833,8,0.00949853,3.75191865,0.422768,392,0.992405,0.00076701,9.2042,0.0230104,0.02246122,-0.013214,0.67138697,55.2621,31.4078,0.196788,NORMAL,
Crowd-Activity-All.avi,UMN_001,61,122.0,124.0,ZONE_A,4,1.9833,3,0.00975402,1.16072809,0.36653,116,0.97479,0.00092331,11.0797,0.02769921,0.01910493,0.01532914,0.5270751,45.9935,103.7527,0.525239,NORMAL,
Crowd-Activity-All.avi,UMN_001,61,122.0,124.0,ZONE_B,7,6.05,7,0.009434,3.4245415,0.443372,362,0.997245,0.00052065,6.2478,0.01561943,0.01538933,-3.226e-05,0.32540157,61.9441,0.1541,0.095437,NORMAL,
Crowd-Activity-All.avi,UMN_001,62,124.0,126.0,ZONE_A,4,2.0167,3,0.0110155,1.33287571,0.369159,118,0.975207,0.00084586,10.1503,0.02537579,0.01611681,0.00379628,0.53344526,49.2719,354.4939,0.239931,NORMAL,
Crowd-Activity-All.avi,UMN_001,62,124.0,126.0,ZONE_B,7,5.6333,7,0.00918206,3.10353668,0.494737,337,0.997041,0.00044278,5.3133,0.01328329,0.01317575,-0.00530803,0.37286451,66.2736,342.7822,0.09423,NORMAL,
Crowd-Activity-All.avi,UMN_001,63,126.0,128.0,ZONE_A,3,2.2667,3,0.01171301,1.59296908,0.47025,134,0.985294,0.0008006,9.6073,0.02401814,0.02792502,0.00521959,0.85379297,55.4717,290.9816,0.261739,NORMAL,
Crowd-Activity-All.avi,UMN_001,63,126.0,128.0,ZONE_B,6,5.7167,6,0.0100544,3.44865959,0.564953,342,0.997085,0.00035469,4.2563,0.01064084,0.00884359,0.00023899,0.29488335,68.3934,197.9294,0.074042,NORMAL,
Crowd-Activity-All.avi,UMN_001,64,128.0,130.0,ZONE_A,4,2.4333,3,0.01140953,1.66579065,0.383466,142,0.972603,0.00091508,10.981,0.02745246,0.04660966,0.04045515,1.07352063,69.0426,182.1144,0.335249,NORMAL,
Crowd-Activity-All.avi,UMN_001,64,128.0,130.0,ZONE_B,7,5.6,7,0.00966364,3.24698175,0.5197,334,0.994048,0.00047708,5.725,0.01431255,0.01479824,-0.00070195,0.41943957,62.698,10.9801,0.126717,NORMAL,
Crowd-Activity-All.avi,UMN_001,65,130.0,132.0,ZONE_A,5,1.5741,3,0.00911939,0.77514849,0.332479,81,0.952941,0.00286322,34.3587,0.0858967,0.06366093,0.14515937,1.05966463,31.2869,106.5111,0.759349,ABNORMAL,UMN_ABN_006
Crowd-Activity-All.avi,UMN_001,65,130.0,132.0,ZONE_B,17,3.9,7,0.00875472,2.04860453,0.414869,219,0.935897,0.00240911,28.9093,0.07227328,0.05657584,0.04780728,1.24325596,32.6111,86.9248,0.547563,ABNORMAL,UMN_ABN_006
Crowd-Activity-All.avi,UMN_001,66,132.0,134.0,ZONE_A,4,1.1333,2,0.00859261,0.2921487,0.471242,29,0.852941,0.00400125,48.015,0.12003736,0.03844905,-0.11219405,1.48691121,18.0618,107.1543,0.92874,ABNORMAL,UMN_ABN_006
Crowd-Activity-All.avi,UMN_001,66,132.0,134.0,ZONE_B,4,2.7568,4,0.00818166,0.83452974,0.604736,102,1.0,0.00404145,48.4973,0.12124335,0.06506028,0.02244316,1.47052075,14.2041,94.0513,0.946168,ABNORMAL,UMN_ABN_006
Crowd-Activity-All.avi,UMN_001,67,134.0,136.0,ZONE_A,5,2.2222,3,0.00890467,0.89046683,0.373585,93,0.93,0.00084328,10.1194,0.0252985,0.02924569,0.02518572,0.86855108,54.5212,110.2338,0.212039,ABNORMAL,UMN_ABN_006
Crowd-Activity-All.avi,UMN_001,67,134.0,136.0,ZONE_B,9,6.2222,8,0.0076094,2.13063269,0.438125,272,0.971429,0.00076415,9.1698,0.02292448,0.02352698,-0.00885225,0.55880941,57.5953,7.851,0.13782,ABNORMAL,UMN_ABN_006
Crowd-Activity-All.avi,UMN_001,67,134.0,136.0,ZONE_C,3,1.0,1,0.00445405,0.0623567,0.313778,12,0.857143,0.00126709,15.2051,0.03801269,0.02974246,-0.0259355,0.66465157,26.8631,14.32,0.802895,ABNORMAL,UMN_ABN_006
Crowd-Activity-All.avi,UMN_001,68,136.0,138.0,ZONE_A,5,1.8167,3,0.01037367,1.13073011,0.325239,105,0.963303,0.00102413,12.2896,0.03072402,0.05101115,-0.0185711,1.82911098,44.8247,132.571,0.193576,NORMAL,
Crowd-Activity-All.avi,UMN_001,68,136.0,138.0,ZONE_B,11,5.7,8,0.00789022,2.69845436,0.380722,336,0.982456,0.00076616,9.194,0.02298489,0.0297808,0.03383613,0.84272496,57.165,4.8459,0.165811,NORMAL,
Crowd-Activity-All.avi,UMN_001,69,138.0,140.0,ZONE_A,3,1.85,2,0.00893585,0.99187921,0.346296,109,0.981982,0.00164225,19.7069,0.04926737,0.03200678,0.04140266,0.77467905,29.0219,352.0881,0.723511,NORMAL,
Crowd-Activity-All.avi,UMN_001,69,138.0,140.0,ZONE_B,9,5.4667,7,0.00856529,2.80941356,0.441035,323,0.984756,0.00080487,9.6584,0.02414605,0.02370276,0.01984448,0.60943254,60.1174,34.1342,0.17049,NORMAL,
Crowd-Activity-All.avi,UMN_001,70,140.0,142.0,ZONE_A,3,1.4375,2,0.0091883,0.63399264,0.317911,64,0.927536,0.00178031,21.3638,0.0534094,0.04946837,-0.0240991,1.18593072,45.9049,325.3523,0.540921,NORMAL,
Crowd-Activity-All.avi,UMN_001,70,140.0,142.0,ZONE_B,10,6.2667,8,0.00914372,3.43803988,0.430281,372,0.989362,0.00141087,16.9305,0.04232619,0.03940931,-0.00614924,1.03795172,43.5899,354.1739,0.445803,NORMAL,
Crowd-Activity-All.avi,UMN_001,71,142.0,144.0,ZONE_A,3,1.2292,2,0.01350855,0.79700416,0.350025,54,0.915254,0.00214276,25.7132,0.0642829,0.03893669,-0.04943972,1.00028569,45.8635,350.9994,0.57491,NORMAL,
Crowd-Activity-All.avi,UMN_001,71,142.0,144.0,ZONE_B,7,4.2667,5,0.00951424,2.4356451,0.434396,254,0.992188,0.00133033,15.9639,0.0399098,0.0511883,0.00220279,1.48342471,50.751,346.4931,0.220762,NORMAL,
Crowd-Activity-All.avi,UMN_001,72,144.0,146.0,ZONE_A,8,2.9833,4,0.00937295,1.67775771,0.391835,171,0.955307,0.00105161,12.6194,0.03154837,0.03285595,0.02368588,0.83205834,59.2154,349.2062,0.299436,NORMAL,
Crowd-Activity-All.avi,UMN_001,72,144.0,146.0,ZONE_B,10,4.95,7,0.007892,2.34392439,0.478273,293,0.986532,0.00136767,16.4121,0.04103022,0.04486636,0.00400922,1.43340708,43.0982,326.8232,0.371667,NORMAL,
Crowd-Activity-All.avi,UMN_001,72,144.0,146.0,ZONE_C,1,1.0,1,0.01277426,0.20438816,0.459755,15,0.9375,0.00205457,24.6548,0.06163711,0.02942869,-0.09538546,0.67588699,20.0605,5.1879,0.827658,NORMAL,
Crowd-Activity-All.avi,UMN_001,73,146.0,148.0,ZONE_A,5,2.8167,4,0.0089733,1.51648729,0.411726,164,0.970414,0.00098372,11.8046,0.02951149,0.03749967,0.05445498,1.10379176,70.6809,66.5281,0.104747,NORMAL,
Crowd-Activity-All.avi,UMN_001,73,146.0,148.0,ZONE_B,10,5.8833,8,0.00871933,3.07792368,0.527588,341,0.966006,0.00156476,18.7771,0.04694268,0.04195494,0.0154781,1.01740438,41.6552,356.1249,0.375677,NORMAL,
Crowd-Activity-All.avi,UMN_001,74,148.0,150.0,ZONE_A,5,1.9138,3,0.01048798,1.16416602,0.331702,106,0.954955,0.00160707,19.2848,0.0482121,0.03906901,0.03793679,1.22902026,58.8451,48.4157,0.309648,NORMAL,
Crowd-Activity-All.avi,UMN_001,74,148.0,150.0,ZONE_B,10,5.2167,7,0.00964355,3.01843193,0.45959,302,0.964856,0.00134123,16.0947,0.04023678,0.0562553,0.06511516,1.67254526,50.0335,272.7447,0.10312,NORMAL,
Crowd-Activity-All.avi,UMN_001,74,148.0,150.0,ZONE_C,2,1.0,1,0.00336243,0.03362429,0.229624,8,0.8,0.00153708,18.445,0.04611252,0.06988539,0.13300258,0.36867357,44.374,160.6575,0.360213,NORMAL,
Crowd-Activity-All.avi,UMN_001,75,150.0,152.0,ZONE_A,2,1.1333,2,0.01116226,0.75903352,0.471613,68,1.0,0.00225846,27.1016,0.06775387,0.03294705,-0.00678614,0.94693353,32.2782,108.877,0.621174,NORMAL,
Crowd-Activity-All.avi,UMN_001,75,150.0,152.0,ZONE_B,12,5.2,7,0.00978006,3.05137718,0.388191,300,0.961538,0.00160255,19.2306,0.0480765,0.05598767,0.03856878,1.50769605,44.4307,189.5242,0.097395,NORMAL,
Crowd-Activity-All.avi,UMN_001,76,152.0,154.0,ZONE_A,3,1.6949,2,0.00946142,0.9461422,0.312803,97,0.97,0.00165365,19.8438,0.0496096,0.05198386,0.0076242,1.14966293,45.0026,153.8183,0.508877,NORMAL,
Crowd-Activity-All.avi,UMN_001,76,152.0,154.0,ZONE_B,12,6.8667,9,0.0094222,3.88194653,0.399747,405,0.98301,0.00125583,15.07,0.03767499,0.03481836,0.01818477,0.91103694,50.3192,232.9625,0.196311,NORMAL,
Crowd-Activity-All.avi,UMN_001,77,154.0,156.0,ZONE_A,3,2.3,3,0.00835473,1.15295288,0.40025,136,0.985507,0.00043823,5.2587,0.01314687,0.00836527,-0.00138245,0.30575751,69.135,87.1018,0.151416,NORMAL,
Crowd-Activity-All.avi,UMN_001,77,154.0,156.0,ZONE_B,12,6.85,8,0.01005578,4.13292472,0.47807,404,0.982968,0.00143412,17.2094,0.04302353,0.05316869,0.02697447,1.48885026,50.2289,202.6286,0.093833,NORMAL,
Crowd-Activity-All.avi,UMN_001,78,156.0,158.0,ZONE_A,5,2.8667,4,0.00813534,1.3992784,0.302287,169,0.982558,0.00101502,12.1802,0.0304506,0.03793488,0.00219349,0.87130805,64.9864,170.1957,0.312712,NORMAL,
Crowd-Activity-All.avi,UMN_001,78,156.0,158.0,ZONE_B,9,6.2,7,0.00916005,3.40753908,0.471963,367,0.986559,0.00088016,10.5619,0.0264048,0.02814556,0.01454685,0.72922337,49.928,288.3312,0.128916,NORMAL,
Crowd-Activity-All.avi,UMN_001,79,158.0,160.0,ZONE_A,7,2.2833,3,0.00797889,1.0931085,0.307302,133,0.970803,0.00144718,17.3662,0.04341549,0.04397913,0.06308918,0.74971698,41.8517,176.9551,0.28409,ABNORMAL,UMN_ABN_007
Crowd-Activity-All.avi,UMN_001,79,158.0,160.0,ZONE_B,15,5.0667,7,0.00931038,2.83035624,0.380642,291,0.957237,0.00167641,20.1169,0.05029233,0.05105781,0.09469677,1.23175762,45.8728,151.3463,0.19301,ABNORMAL,UMN_ABN_007
Crowd-Activity-All.avi,UMN_001,80,160.0,162.0,ZONE_A,9,2.1333,4,0.00987386,1.26385434,0.415323,109,0.851562,0.00428999,51.4799,0.12869964,0.08760494,0.34078809,2.40655398,16.5275,194.171,0.538026,ABNORMAL,UMN_ABN_007
Crowd-Activity-All.avi,UMN_001,80,160.0,162.0,ZONE_B,10,3.4167,6,0.01026866,2.10507611,0.519332,190,0.926829,0.00343896,41.2675,0.10316885,0.06482604,-0.015125,1.90825553,28.5486,13.4538,0.296339,ABNORMAL,UMN_ABN_007
Crowd-Activity-All.avi,UMN_001,80,160.0,162.0,ZONE_C,1,1.0,1,0.0155342,0.2019446,0.643883,12,0.923077,0.00272832,32.7399,0.08184971,0.03674493,-0.15281594,1.21943599,29.8652,276.1869,0.552528,ABNORMAL,UMN_ABN_007
Crowd-Activity-All.avi,UMN_001,81,162.0,164.0,ZONE_A,2,1.25,2,0.00589306,0.08839591,0.460113,14,0.933333,0.00205051,24.6062,0.06151541,0.03333576,0.07122515,1.10305516,21.3332,224.8557,0.636873,ABNORMAL,UMN_ABN_007
Crowd-Activity-All.avi,UMN_001,81,162.0,164.0,ZONE_B,4,1.2586,4,0.00486991,0.35550372,0.545884,71,0.972603,0.00265954,31.9144,0.07978611,0.04502256,-0.09175114,1.15254499,21.5043,343.3277,0.825412,ABNORMAL,UMN_ABN_007
Crowd-Activity-All.avi,UMN_001,81,162.0,164.0,ZONE_C,2,1.0,1,0.01430284,0.05721135,0.436979,3,0.75,0.00604398,72.5278,0.18131946,0.13210077,2.81877718,4.18848338,92.5255,355.4082,0.297719,ABNORMAL,UMN_ABN_007
Crowd-Activity-All.avi,UMN_001,82,164.0,166.0,ZONE_A,2,1.24,2,0.0109714,0.68022655,0.507646,58,0.935484,0.00172586,20.7103,0.05177578,0.03325736,0.00504924,1.13935531,38.2651,224.5977,0.72132,NORMAL,
Crowd-Activity-All.avi,UMN_001,82,164.0,166.0,ZONE_B,11,6.9828,9,0.00881323,3.56935966,0.45093,394,0.97284,0.00095488,11.4585,0.02864626,0.03079734,-0.01500999,0.71322564,46.4676,210.8918,0.12773,NORMAL,
Crowd-Activity-All.avi,UMN_001,83,166.0,168.0,ZONE_A,8,2.6,5,0.00988235,1.54164675,0.400771,150,0.961538,0.00121106,14.5328,0.03633187,0.02870503,0.01551426,0.92156709,42.998,251.6389,0.440999,NORMAL,
Crowd-Activity-All.avi,UMN_001,83,166.0,168.0,ZONE_B,9,5.7167,8,0.00881702,3.0242368,0.471619,341,0.994169,0.00103087,12.3704,0.03092607,0.02755917,0.0140741,0.76049403,50.1817,169.3219,0.131099,NORMAL,
Crowd-Activity-All.avi,UMN_001,84,168.0,170.0,ZONE_A,11,3.25,5,0.01126463,2.19660363,0.432767,187,0.958974,0.00171129,20.5355,0.0513388,0.03526223,0.02199643,0.92279708,46.3378,332.0026,0.05126,NORMAL,
Crowd-Activity-All.avi,UMN_001,84,168.0,170.0,ZONE_B,5,3.45,4,0.00909425,1.88250995,0.54049,206,0.995169,0.0006091,7.3093,0.01827314,0.01691816,-0.01052222,0.50623156,59.55,334.5721,0.288416,NORMAL,
Crowd-Activity-All.avi,UMN_001,85,170.0,172.0,ZONE_A,5,2.6,5,0.01096202,1.71007439,0.479744,154,0.987179,0.00159928,19.1914,0.04797842,0.03947862,-0.00992519,1.37154305,43.5896,53.1527,0.306269,NORMAL,
Crowd-Activity-All.avi,UMN_001,85,170.0,172.0,ZONE_B,8,4.8333,6,0.01001944,2.90563876,0.506789,288,0.993103,0.00096027,11.5233,0.02880823,0.03548826,0.02934553,1.0519793,47.635,319.0528,0.284461,NORMAL,
Crowd-Activity-All.avi,UMN_001,86,172.0,174.0,ZONE_A,2,1.65,2,0.00971934,0.96221442,0.49557,97,0.979798,0.00074132,8.8959,0.02223966,0.01758293,-0.01194988,0.41225031,49.8516,118.1928,0.270058,NORMAL,
Crowd-Activity-All.avi,UMN_001,86,172.0,174.0,ZONE_B,10,6.9167,8,0.00947702,3.93296491,0.462136,409,0.985542,0.00102145,12.2574,0.0306434,0.03678699,-0.00925513,1.05143981,50.0208,331.7934,0.214837,NORMAL,
Crowd-Activity-All.avi,UMN_001,87,174.0,176.0,ZONE_A,4,2.8167,4,0.00896705,1.51543082,0.435693,167,0.988166,0.00064594,7.7513,0.01937815,0.01983794,0.01163277,0.51348671,64.9807,192.5521,0.283596,NORMAL,
Crowd-Activity-All.avi,UMN_001,87,174.0,176.0,ZONE_B,8,6.2333,8,0.00924916,3.45918609,0.498692,371,0.991979,0.00097296,11.6755,0.02918877,0.02767315,0.00626398,0.64021985,50.4307,263.3348,0.231934,NORMAL,
Crowd-Activity-All.avi,UMN_001,88,176.0,178.0,ZONE_A,4,3.3333,4,0.00905852,1.81170367,0.399558,200,1.0,0.00071931,8.6318,0.02157939,0.01773681,-0.0002255,0.553324,56.3899,292.929,0.24803,NORMAL,
Crowd-Activity-All.avi,UMN_001,88,176.0,178.0,ZONE_B,9,6.3167,8,0.00817205,3.09720816,0.423606,376,0.992084,0.00077679,9.3215,0.02330367,0.0241221,0.00664535,0.66357857,50.2907,303.7244,0.305778,NORMAL,
Crowd-Activity-All.avi,UMN_001,89,178.0,180.0,ZONE_A,5,2.9167,4,0.00937424,1.64049256,0.437445,174,0.994286,0.00117967,14.1561,0.03539018,0.03227205,0.00230626,0.69849765,54.9832,39.7292,0.163395,NORMAL,
Crowd-Activity-All.avi,UMN_001,89,178.0,180.0,ZONE_B,9,6.25,7,0.00759098,2.84661837,0.413207,371,0.989333,0.00093309,11.197,0.02799258,0.02778689,0.01185698,0.70224706,52.802,330.5726,0.144486,NORMAL,
Crowd-Activity-All.avi,UMN_001,90,180.0,182.0,ZONE_A,5,1.6833,3,0.00830665,0.83897153,0.514447,100,0.990099,0.00200579,24.0694,0.06017362,0.06369052,0.03421554,1.38226842,35.5359,250.3261,0.119451,ABNORMAL,UMN_ABN_008
Crowd-Activity-All.avi,UMN_001,90,180.0,182.0,ZONE_B,15,5.8333,8,0.00800871,2.80304948,0.524633,336,0.96,0.00296514,35.5817,0.08895431,0.06636383,0.09329872,1.7672431,28.3752,313.4176,0.257463,ABNORMAL,UMN_ABN_008
Crowd-Activity-All.avi,UMN_001,90,180.0,182.0,ZONE_C,2,1.0,1,0.01172362,0.07034172,0.261838,6,1.0,0.00623361,74.8033,0.18700818,0.03734656,1.41280547,0.65554355,20.7691,14.0855,0.980682,ABNORMAL,UMN_ABN_008
Crowd-Activity-All.avi,UMN_001,91,182.0,184.0,ZONE_A,4,1.4688,3,0.01262129,0.59320046,0.537154,41,0.87234,0.00531777,63.8133,0.15953321,0.10703922,0.08511084,3.19373591,28.6985,188.1593,0.683542,ABNORMAL,UMN_ABN_008
Crowd-Activity-All.avi,UMN_001,91,182.0,184.0,ZONE_B,5,2.7167,4,0.00353342,0.5759479,0.552524,161,0.98773,0.00160336,19.2403,0.04810082,0.02650794,0.01060853,0.78974297,36.0144,292.5138,0.470537,ABNORMAL,UMN_ABN_008
Crowd-Activity-All.avi,UMN_001,92,184.0,186.0,ZONE_B,1,1.0,1,0.0032652,0.19591181,0.465489,60,1.0,0.0011954,14.3447,0.03586185,0.01760089,-0.00379028,0.71081318,41.2641,183.3064,0.650119,ABNORMAL,UMN_ABN_008
Crowd-Activity-All.avi,UMN_001,93,186.0,188.0,ZONE_A,4,3.2093,4,0.00951969,1.31371678,0.412915,134,0.971014,0.00180117,21.614,0.05403498,0.05115472,-0.08902371,1.49988711,37.1467,203.1813,0.425471,ABNORMAL,UMN_ABN_008
Crowd-Activity-All.avi,UMN_001,93,186.0,188.0,ZONE_B,7,3.7966,6,0.00926423,2.07518862,0.439009,219,0.977679,0.00193328,23.1994,0.05799847,0.03796716,0.02019007,1.30383461,46.1213,183.3406,0.453444,ABNORMAL,UMN_ABN_008
Crowd-Activity-All.avi,UMN_001,93,186.0,188.0,ZONE_C,4,1.4419,2,0.01113051,0.69009144,0.439055,57,0.919355,0.00160823,19.2988,0.04824702,0.03987064,0.05474154,1.09831764,48.8721,176.9276,0.556046,ABNORMAL,UMN_ABN_008
Crowd-Activity-All.avi,UMN_001,94,188.0,190.0,ZONE_A,8,4.2333,6,0.01123486,2.8536539,0.353042,247,0.972441,0.00169449,20.3339,0.05083462,0.03853633,0.03229452,1.16565101,41.3241,200.9187,0.215833,NORMAL,
Crowd-Activity-All.avi,UMN_001,94,188.0,190.0,ZONE_B,7,4.4833,6,0.01017728,2.73768923,0.401013,264,0.981413,0.00156858,18.823,0.04705741,0.03411036,0.00672216,0.95377239,37.3461,155.2289,0.42501,NORMAL,
Crowd-Activity-All.avi,UMN_001,94,188.0,190.0,ZONE_C,2,1.9333,2,0.01242268,1.44103126,0.384902,115,0.991379,0.0011386,13.6632,0.0341579,0.02942296,-0.0099474,0.80871215,57.6133,94.5714,0.297369,NORMAL,
Crowd-Activity-All.avi,UMN_001,95,190.0,192.0,ZONE_A,8,4.0167,6,0.01239609,2.98745684,0.325085,234,0.970954,0.00183365,22.0038,0.05500949,0.03994398,0.02907564,1.3799302,46.1722,50.9434,0.197831,NORMAL,
Crowd-Activity-All.avi,UMN_001,95,190.0,192.0,ZONE_B,5,4.4833,5,0.01023202,2.75241287,0.398455,267,0.992565,0.00174438,20.9325,0.05233137,0.05803947,-0.00266479,1.62075688,47.4146,135.2021,0.383753,NORMAL,
Crowd-Activity-All.avi,UMN_001,95,190.0,192.0,ZONE_C,3,1.4667,2,0.01308599,1.15156702,0.376816,86,0.977273,0.00163116,19.5739,0.04893483,0.02875543,0.00957224,1.04499772,55.4072,88.2826,0.363113,NORMAL,
Crowd-Activity-All.avi,UMN_001,96,192.0,194.0,ZONE_A,9,5.0,6,0.00985878,2.95763493,0.340175,292,0.973333,0.00159111,19.0933,0.04773316,0.04023159,-0.00929255,1.22338668,39.5535,76.2957,0.256455,NORMAL,
Crowd-Activity-All.avi,UMN_001,96,192.0,194.0,ZONE_B,6,3.1833,4,0.01045499,1.99690282,0.401174,187,0.979058,0.00136716,16.4059,0.04101471,0.02865798,0.00756271,0.7753159,47.8431,67.5921,0.254514,NORMAL,
Crowd-Activity-All.avi,UMN_001,96,192.0,194.0,ZONE_C,3,1.0833,2,0.01395328,0.7255708,0.317557,46,0.884615,0.00174349,20.9219,0.05230484,0.04448321,0.15319243,1.65180522,30.5389,202.5538,0.787012,NORMAL,
Crowd-Activity-All.avi,UMN_001,97,194.0,196.0,ZONE_A,7,4.5167,5,0.01008319,2.73254492,0.445014,265,0.97786,0.00191848,23.0217,0.05755424,0.03848459,0.01468627,1.15681477,34.9103,3.5936,0.620686,NORMAL,
Crowd-Activity-All.avi,UMN_001,97,194.0,196.0,ZONE_B,11,3.9333,7,0.01163416,2.74566151,0.407437,220,0.932203,0.00206772,24.8126,0.06203149,0.04965128,0.05077731,1.67014787,37.4534,212.4429,0.1146,NORMAL,
Crowd-Activity-All.avi,UMN_001,97,194.0,196.0,ZONE_C,2,1.1053,2,0.01307855,0.54929889,0.448396,42,1.0,0.00160507,19.2609,0.04815215,0.02810443,0.02148552,1.14803196,39.1798,201.0643,0.730831,NORMAL,
Crowd-Activity-All.avi,UMN_001,98,196.0,198.0,ZONE_A,5,1.7333,4,0.01096834,1.14070766,0.49431,101,0.971154,0.00202981,24.3577,0.06089424,0.03402659,-0.01124369,1.25545663,31.7309,331.4821,0.724684,NORMAL,
Crowd-Activity-All.avi,UMN_001,98,196.0,198.0,ZONE_B,17,6.7,9,0.0110376,4.43711535,0.416056,383,0.952736,0.00215958,25.915,0.0647875,0.04454447,0.02848622,1.4876778,40.5778,359.938,0.186094,NORMAL,
Crowd-Activity-All.avi,UMN_001,98,196.0,198.0,ZONE_C,3,1.2222,2,0.01272248,0.69973647,0.389022,52,0.945455,0.0021004,25.2047,0.06301185,0.04440024,-0.10549353,1.54103587,50.4685,59.7703,0.217468,NORMAL,
Crowd-Activity-All.avi,UMN_001,99,198.0,200.0,ZONE_A,5,2.2,4,0.01348496,1.78001506,0.452936,127,0.962121,0.00202496,24.2995,0.06074884,0.04096422,0.04269626,1.42294117,40.5015,293.5176,0.388067,NORMAL,
Crowd-Activity-All.avi,UMN_001,99,198.0,200.0,ZONE_B,10,4.5333,6,0.01244358,3.38465481,0.442484,265,0.974265,0.00222236,26.6683,0.06667072,0.04859211,0.00376589,1.60760012,45.3051,349.6789,0.102629,NORMAL,
Crowd-Activity-All.avi,UMN_001,99,198.0,200.0,ZONE_C,3,1.7297,3,0.01268904,0.81209874,0.49988,62,0.96875,0.00170157,20.4189,0.05104714,0.02426448,0.04854749,0.75577816,26.0684,32.4494,0.521614,NORMAL,
Crowd-Activity-All.avi,UMN_001,100,200.0,202.0,ZONE_A,6,3.1167,5,0.01099461,2.05599144,0.4067,179,0.957219,0.00264608,31.7529,0.07938233,0.07155028,-0.06263234,1.91540157,37.0235,318.5362,0.624762,NORMAL,
Crowd-Activity-All.avi,UMN_001,100,200.0,202.0,ZONE_B,6,3.8833,5,0.01150446,2.68053958,0.364127,229,0.982833,0.00167217,20.066,0.05016507,0.03543161,0.02409346,1.05318711,42.2639,192.9121,0.256752,NORMAL,
Crowd-Activity-All.avi,UMN_001,100,200.0,202.0,ZONE_C,3,2.2034,3,0.01282656,1.66745239,0.416716,125,0.961538,0.00180248,21.6297,0.05407428,0.04182088,0.06506798,1.14268274,38.8544,262.8101,0.464933,NORMAL,
Crowd-Activity-All.avi,UMN_001,101,202.0,204.0,ZONE_A,6,2.3833,5,0.01219737,1.74422341,0.438605,136,0.951049,0.00230189,27.6227,0.06905663,0.05957656,-0.01425221,1.92276275,45.1822,193.8893,0.316128,NORMAL,
Crowd-Activity-All.avi,UMN_001,101,202.0,204.0,ZONE_B,10,3.9167,6,0.01127806,2.650343,0.3923,223,0.948936,0.00277194,33.2632,0.08315811,0.07494675,0.15781533,2.08498734,48.5583,122.4078,0.097266,NORMAL,
Crowd-Activity-All.avi,UMN_001,101,202.0,204.0,ZONE_C,7,2.7,4,0.01083451,1.75519137,0.346203,152,0.938272,0.00261344,31.3612,0.07840312,0.06708854,0.0794204,2.07346793,38.2069,90.0932,0.477005,NORMAL,
Crowd-Activity-All.avi,UMN_001,102,204.0,206.0,ZONE_A,6,2.193,3,0.01210726,1.51340776,0.391066,117,0.936,0.00322211,38.6653,0.09666334,0.08249154,-0.05415076,1.9106217,45.3946,179.2868,0.300099,ABNORMAL,UMN_ABN_009
Crowd-Activity-All.avi,UMN_001,102,204.0,206.0,ZONE_B,8,2.1579,3,0.01130392,1.39038223,0.3479,114,0.926829,0.00297399,35.6879,0.08921967,0.06423804,-0.0006328,1.69372655,42.8681,150.662,0.061909,ABNORMAL,UMN_ABN_009
Crowd-Activity-All.avi,UMN_001,102,204.0,206.0,ZONE_C,4,1.6,2,0.01029563,0.57655524,0.317476,52,0.928571,0.00220747,26.4896,0.06622397,0.05591816,-0.03946559,1.50523457,33.1062,77.1215,0.153754,ABNORMAL,UMN_ABN_009
Crowd-Activity-All.avi,UMN_001,103,206.0,208.0,ZONE_A,8,1.6087,3,0.01718994,1.2720559,0.438006,65,0.878378,0.00659973,79.1968,0.19799197,0.10437297,0.07680021,2.5425341,17.2731,217.6787,0.755612,ABNORMAL,UMN_ABN_009
Crowd-Activity-All.avi,UMN_001,103,206.0,208.0,ZONE_B,6,2.3667,4,0.01095056,0.77748981,0.377367,63,0.887324,0.00668779,80.2534,0.20063362,0.1121102,0.33823659,3.64608233,16.638,356.4369,0.113561,ABNORMAL,UMN_ABN_009
Crowd-Activity-All.avi,UMN_001,103,206.0,208.0,ZONE_C,5,1.4091,3,0.01166234,0.72306537,0.453119,57,0.919355,0.00669323,80.3188,0.20079692,0.11914823,-0.24636764,2.86114457,27.1045,323.9507,0.584461,ABNORMAL,UMN_ABN_009
Crowd-Activity-All.avi,UMN_001,104,208.0,210.0,ZONE_A,4,3.9111,4,0.01183958,2.08376633,0.388819,171,0.971591,0.0016683,20.0196,0.05004906,0.02997564,-0.00727835,0.86019068,41.659,299.424,0.045014,ABNORMAL,UMN_ABN_009
Crowd-Activity-All.avi,UMN_001,104,208.0,210.0,ZONE_B,9,3.3556,5,0.01244084,1.8785675,0.388922,142,0.940397,0.00264935,31.7922,0.07948057,0.06162247,0.02569298,2.22725979,34.5843,11.7035,0.129955,ABNORMAL,UMN_ABN_009
Crowd-Activity-All.avi,UMN_001,104,208.0,210.0,ZONE_C,1,1.0,1,0.01051006,0.08408048,0.471433,7,0.875,0.00144909,17.389,0.04347259,0.02075089,0.06050632,0.69800146,18.0861,171.2838,0.930577,ABNORMAL,UMN_ABN_009
Crowd-Activity-All.avi,UMN_001,105,210.0,212.0,ZONE_A,7,3.3,5,0.01099269,2.17655223,0.36623,193,0.974747,0.0019272,23.1264,0.05781605,0.04429132,0.03840851,1.2723428,40.0304,124.9241,0.136924,NORMAL,
Crowd-Activity-All.avi,UMN_001,105,210.0,212.0,ZONE_B,10,4.8667,7,0.01130174,3.30010903,0.428765,281,0.962329,0.00209352,25.1222,0.0628056,0.03927479,0.00448319,1.23287036,39.6349,20.1622,0.172498,NORMAL,
Crowd-Activity-All.avi,UMN_001,105,210.0,212.0,ZONE_C,2,1.6923,2,0.01081767,0.23798881,0.561323,22,1.0,0.00209031,25.0838,0.06270941,0.02281563,-0.13389587,0.73645634,21.6976,347.0302,0.851372,NORMAL,
Crowd-Activity-All.avi,UMN_001,106,212.0,214.0,ZONE_A,7,3.6667,6,0.01083158,2.38294684,0.363394,211,0.959091,0.00178406,21.4088,0.05352188,0.0365219,0.01716512,1.10098212,47.4407,92.7802,0.083657,NORMAL,
Crowd-Activity-All.avi,UMN_001,106,212.0,214.0,ZONE_B,6,2.6,5,0.01052428,1.64178831,0.393143,151,0.967949,0.00196828,23.6193,0.05904825,0.04727735,-0.01234343,1.16048496,31.6111,74.2396,0.346243,NORMAL,
Crowd-Activity-All.avi,UMN_001,106,212.0,214.0,ZONE_C,2,1.5667,2,0.01156801,1.08739324,0.415211,93,0.989362,0.0021983,26.3795,0.06594884,0.04711236,0.00921709,1.12927722,39.8389,329.9024,0.653975,NORMAL,
Crowd-Activity-All.avi,UMN_001,107,214.0,216.0,ZONE_A,8,5.5167,7,0.0094565,3.13010042,0.418462,318,0.960725,0.0018036,21.6433,0.05410813,0.05008711,0.00726512,1.24718037,38.8603,335.4837,0.110401,NORMAL,
Crowd-Activity-All.avi,UMN_001,107,214.0,216.0,ZONE_B,8,3.65,5,0.01176328,2.57615797,0.433017,213,0.972603,0.00193547,23.2257,0.05806414,0.04335175,-0.01029263,1.36411113,46.3785,92.4748,0.131041,NORMAL,
Crowd-Activity-All.avi,UMN_001,107,214.0,216.0,ZONE_C,2,1.5,2,0.00968295,0.78431872,0.436123,80,0.987654,0.00254752,30.5703,0.07642572,0.05794196,0.09944482,1.83242414,32.2748,241.5653,0.251719,NORMAL,
Crowd-Activity-All.avi,UMN_001,108,216.0,218.0,ZONE_A,8,4.6,6,0.01011688,2.7922598,0.47041,273,0.98913,0.00186442,22.3731,0.05593273,0.04325385,0.01775286,1.49522464,44.7052,26.1438,0.283065,NORMAL,
Crowd-Activity-All.avi,UMN_001,108,216.0,218.0,ZONE_B,8,5.3167,7,0.01125861,3.59149741,0.406992,309,0.968652,0.00227629,27.3155,0.06828875,0.04508196,0.00588944,1.40711702,42.1262,11.9395,0.292268,NORMAL,
Crowd-Activity-All.avi,UMN_001,108,216.0,218.0,ZONE_C,2,1.2258,2,0.01301956,0.49474338,0.276042,36,0.947368,0.0017807,21.3684,0.05342094,0.04802986,0.01939074,1.08290303,58.0724,312.4896,0.409104,NORMAL,
Crowd-Activity-All.avi,UMN_001,109,218.0,220.0,ZONE_A,5,2.7333,5,0.012196,2.00014361,0.516004,160,0.97561,0.00169084,20.2901,0.05072519,0.03268283,0.03843016,0.96219236,36.1005,5.729,0.270637,NORMAL,
Crowd-Activity-All.avi,UMN_001,109,218.0,220.0,ZONE_B,11,5.2167,7,0.01122677,3.51397831,0.394007,307,0.980831,0.00208766,25.0519,0.06262977,0.04277294,0.03547406,1.46019888,43.0933,343.5502,0.352292,NORMAL,
Crowd-Activity-All.avi,UMN_001,109,218.0,220.0,ZONE_C,3,2.4167,3,0.01192655,1.72934999,0.413413,142,0.97931,0.00204931,24.5917,0.06147935,0.04867571,-0.0075669,1.7214906,41.6592,259.0732,0.143717,NORMAL,
Crowd-Activity-All.avi,UMN_001,110,220.0,222.0,ZONE_A,4,2.4,3,0.01230314,1.7716518,0.396111,140,0.972222,0.00187067,22.4481,0.05612023,0.0386383,0.02250344,1.21794856,35.255,29.4852,0.351072,NORMAL,
Crowd-Activity-All.avi,UMN_001,110,220.0,222.0,ZONE_B,10,5.4167,7,0.01266979,4.1176821,0.352152,317,0.975385,0.0017422,20.9064,0.05226597,0.03636128,0.0058663,1.13799624,41.2569,299.2684,0.246422,NORMAL,
Crowd-Activity-All.avi,UMN_001,110,220.0,222.0,ZONE_C,4,1.7,3,0.01300389,0.6631983,0.337559,49,0.960784,0.00255014,30.6016,0.07650413,0.08426299,0.0613771,2.88907724,27.6193,222.8215,0.567946,NORMAL,
Crowd-Activity-All.avi,UMN_001,111,222.0,224.0,ZONE_A,4,3.15,4,0.01194938,2.25843207,0.403046,186,0.984127,0.0019228,23.0736,0.05768402,0.03572437,-0.02786967,0.94733882,39.8213,71.9792,0.25194,NORMAL,
Crowd-Activity-All.avi,UMN_001,111,222.0,224.0,ZONE_B,8,4.4333,5,0.01267652,3.37195345,0.382063,259,0.973684,0.00200774,24.0929,0.06023224,0.05033183,0.04800868,1.55312374,45.2427,266.9383,0.43187,NORMAL,
Crowd-Activity-All.avi,UMN_001,111,222.0,224.0,ZONE_C,3,1.125,2,0.01328071,0.71715835,0.306724,50,0.925926,0.00156456,18.7748,0.04693689,0.03069338,0.07490677,1.12618094,48.5638,178.0599,0.35429,NORMAL,
Crowd-Activity-All.avi,UMN_001,112,224.0,226.0,ZONE_A,4,2.1,3,0.01261319,1.58926231,0.482919,122,0.968254,0.00172177,20.6613,0.05165313,0.04247119,0.02512945,1.15827582,45.9271,130.0636,0.106224,NORMAL,
Crowd-Activity-All.avi,UMN_001,112,224.0,226.0,ZONE_B,12,4.6667,6,0.01100852,3.08238691,0.360678,268,0.957143,0.0019097,22.9164,0.05729089,0.0403804,0.00135205,1.17778612,41.548,273.4327,0.397826,NORMAL,
Crowd-Activity-All.avi,UMN_001,112,224.0,226.0,ZONE_C,4,1.5167,3,0.01007781,0.91708057,0.324764,85,0.934066,0.00211381,25.3657,0.06341427,0.04586523,0.01396014,1.56750923,32.6845,202.5478,0.293527,NORMAL,
Crowd-Activity-All.avi,UMN_001,113,226.0,228.0,ZONE_A,4,1.7907,3,0.0110385,0.84996425,0.325206,73,0.948052,0.00192041,23.0449,0.05761223,0.04064802,0.07676418,1.25701146,38.0661,48.8046,0.379141,NORMAL,
Crowd-Activity-All.avi,UMN_001,113,226.0,228.0,ZONE_B,13,5.2034,8,0.01144005,3.51209582,0.314207,297,0.967427,0.00226965,27.2358,0.06808943,0.05728202,0.01014552,1.74969635,45.6318,276.7185,0.221979,NORMAL,
Crowd-Activity-All.avi,UMN_001,113,226.0,228.0,ZONE_C,4,1.339,2,0.01163791,0.91939488,0.356882,76,0.962025,0.002367,28.4039,0.07100984,0.0451601,-0.1429135,1.18888069,32.1275,43.3623,0.752293,NORMAL,
Crowd-Activity-All.avi,UMN_001,114,228.0,230.0,ZONE_A,2,1.32,2,0.00803837,0.26526626,0.52627,31,0.939394,0.00425921,51.1105,0.12777629,0.03113693,0.04175735,1.0813059,8.212,341.4733,0.980204,ABNORMAL,UMN_ABN_010
Crowd-Activity-All.avi,UMN_001,114,228.0,230.0,ZONE_B,4,1.0,1,0.01103595,0.15450333,0.530699,9,0.642857,0.00381941,45.8329,0.11458235,0.0350064,0.01309325,1.24359112,8.9207,337.1586,0.988779,ABNORMAL,UMN_ABN_010
Crowd-Activity-All.avi,UMN_001,114,228.0,230.0,ZONE_C,7,1.6786,3,0.01260812,0.59258158,0.423979,36,0.765957,0.0091859,110.2308,0.27557713,0.1073808,-0.18095079,3.75618071,18.9225,3.1602,0.882561,ABNORMAL,UMN_ABN_010
Crowd-Activity-All.avi,UMN_001,115,230.0,232.0,ZONE_A,5,1.9492,3,0.01094834,1.25905943,0.487557,111,0.965217,0.00227474,27.2969,0.06824228,0.04706851,0.01200166,1.01892284,29.0392,335.4461,0.432236,ABNORMAL,UMN_ABN_010
Crowd-Activity-All.avi,UMN_001,115,230.0,232.0,ZONE_B,8,2.8475,5,0.01266887,2.12837099,0.494198,163,0.970238,0.00248881,29.8657,0.07466431,0.05669238,0.00267363,1.40543421,39.0473,292.4746,0.222529,ABNORMAL,UMN_ABN_010
Crowd-Activity-All.avi,UMN_001,115,230.0,232.0,ZONE_C,7,3.069,4,0.01314679,1.17006472,0.454863,83,0.932584,0.00244371,29.3245,0.07331137,0.07656701,0.22412356,1.92316949,32.6013,208.6133,0.474032,ABNORMAL,UMN_ABN_010
Crowd-Activity-All.avi,UMN_001,116,232.0,234.0,ZONE_A,5,2.5667,3,0.0102076,1.57197106,0.448009,152,0.987013,0.00164722,19.7666,0.0494166,0.04742561,-0.01476406,1.44745434,33.753,16.3579,0.512429,ABNORMAL,UMN_ABN_010
Crowd-Activity-All.avi,UMN_001,116,232.0,234.0,ZONE_B,11,6.4833,8,0.01160249,4.51336838,0.430798,382,0.982005,0.00174301,20.9161,0.05229017,0.04190564,0.00339378,1.31293285,35.1292,257.2753,0.063574,ABNORMAL,UMN_ABN_010
Crowd-Activity-All.avi,UMN_001,116,232.0,234.0,ZONE_C,6,2.6667,4,0.01044049,1.67047822,0.417881,157,0.98125,0.00231789,27.8147,0.06953671,0.03836814,-0.00143414,0.887046,25.6421,207.8164,0.810861,ABNORMAL,UMN_ABN_010
Crowd-Activity-All.avi,UMN_001,117,234.0,236.0,ZONE_A,5,2.4333,3,0.01264537,1.8462244,0.518444,139,0.952055,0.00225595,27.0714,0.0676784,0.05026378,-0.05588452,1.19481104,25.0122,66.2189,0.596781,ABNORMAL,UMN_ABN_010
Crowd-Activity-All.avi,UMN_001,117,234.0,236.0,ZONE_B,16,7.15,10,0.01084006,4.65038753,0.402934,421,0.981352,0.00200613,24.0735,0.06018379,0.04594713,0.01297218,1.3822275,30.6338,251.7273,0.117384,ABNORMAL,UMN_ABN_010
Crowd-Activity-All.avi,UMN_001,117,234.0,236.0,ZONE_C,8,2.098,4,0.01101312,1.17840345,0.417984,101,0.943925,0.00236875,28.425,0.07106255,0.03599952,0.00869486,1.2595509,35.0229,203.5565,0.373506,ABNORMAL,UMN_ABN_010
Crowd-Activity-All.avi,UMN_001,118,236.0,238.0,ZONE_A,6,3.25,4,0.01409442,2.74841226,0.493282,192,0.984615,0.00227531,27.3037,0.06825916,0.05222018,0.01816017,1.04023731,34.8656,43.3264,0.102856,ABNORMAL,UMN_ABN_010
Crowd-Activity-All.avi,UMN_001,118,236.0,238.0,ZONE_B,14,6.1667,9,0.01172183,4.33707788,0.389845,360,0.972973,0.0025089,30.1068,0.07526689,0.06290893,0.01496222,1.79313713,35.482,227.9393,0.085626,ABNORMAL,UMN_ABN_010
Crowd-Activity-All.avi,UMN_001,118,236.0,238.0,ZONE_C,2,1.8667,2,0.0123158,1.37936974,0.552837,112,1.0,0.00147517,17.7021,0.04425521,0.03829603,0.01074031,1.25941057,36.7494,235.9333,0.208547,ABNORMAL,UMN_ABN_010
Crowd-Activity-All.avi,UMN_001,119,238.0,240.0,ZONE_A,5,3.8333,5,0.01100789,2.53181527,0.393623,227,0.986957,0.00194288,23.3145,0.05828638,0.0351439,0.01277443,1.23538049,39.5317,241.3415,0.192768,ABNORMAL,UMN_ABN_010
Crowd-Activity-All.avi,UMN_001,119,238.0,240.0,ZONE_B,18,6.95,9,0.01152496,4.80590956,0.402393,400,0.959233,0.00226361,27.1633,0.06790828,0.05832445,0.02559553,1.67785093,41.8465,121.2826,0.072083,ABNORMAL,UMN_ABN_010
Crowd-Activity-All.avi,UMN_001,119,238.0,240.0,ZONE_C,3,1.55,3,0.01302869,1.21166825,0.500859,92,0.989247,0.00192736,23.1283,0.05782086,0.06094512,-0.10334319,1.25972539,28.611,352.8782,0.75795,ABNORMAL,UMN_ABN_010
Crowd-Activity-All.avi,UMN_001,120,240.0,242.0,ZONE_A,10,2.9661,5,0.010407,1.8212251,0.357529,164,0.937143,0.00216347,25.9617,0.06490416,0.06318222,0.13296488,1.93836812,47.2288,183.9121,0.232519,ABNORMAL,UMN_ABN_010
Crowd-Activity-All.avi,UMN_001,120,240.0,242.0,ZONE_B,13,4.9167,8,0.01205062,3.55493247,0.430619,290,0.983051,0.00192216,23.0659,0.05766482,0.05913056,-0.0221506,1.53361725,41.6032,125.6325,0.044726,ABNORMAL,UMN_ABN_010
Crowd-Activity-All.avi,UMN_001,120,240.0,242.0,ZONE_C,7,2.5667,4,0.01191204,1.83445477,0.405282,147,0.954545,0.00185709,22.2851,0.05571263,0.05561803,-0.02068295,1.81097624,45.4589,356.8809,0.373393,ABNORMAL,UMN_ABN_010
Crowd-Activity-All.avi,UMN_001,121,242.0,244.0,ZONE_A,6,2.3,5,0.01317932,1.81874568,0.408894,131,0.949275,0.00174896,20.9876,0.05246889,0.03355687,-7.6e-06,0.9885022,35.415,142.9934,0.446319,ABNORMAL,UMN_ABN_010
Crowd-Activity-All.avi,UMN_001,121,242.0,244.0,ZONE_B,9,5.4,7,0.01176921,3.81322451,0.499566,319,0.984568,0.00172548,20.7057,0.05176434,0.05038716,0.00896418,1.74808832,38.7297,350.8521,0.293622,ABNORMAL,UMN_ABN_010
Crowd-Activity-All.avi,UMN_001,121,242.0,244.0,ZONE_C,5,2.5833,4,0.01184683,1.83625863,0.442288,149,0.96129,0.00139651,16.7581,0.04189518,0.02815531,0.03575413,0.76330051,33.9988,303.2638,0.406963,ABNORMAL,UMN_ABN_010
Crowd-Activity-All.avi,UMN_001,122,244.0,246.0,ZONE_A,4,2.2833,3,0.01270973,1.74123291,0.393486,135,0.985401,0.00171859,20.6231,0.05155782,0.03466203,0.012902,0.94222775,34.37,340.1048,0.527953,ABNORMAL,UMN_ABN_010
Crowd-Activity-All.avi,UMN_001,122,244.0,246.0,ZONE_B,9,5.75,8,0.01093043,3.77099962,0.40023,337,0.976812,0.0017156,20.5872,0.05146808,0.05953264,0.07177478,1.79781238,43.3244,41.399,0.123,ABNORMAL,UMN_ABN_010
Crowd-Activity-All.avi,UMN_001,122,244.0,246.0,ZONE_C,3,2.5,3,0.01094796,1.64219428,0.355911,149,0.993333,0.00122842,14.7411,0.03685265,0.02299031,0.00061479,0.74147986,30.6181,273.5697,0.188308,ABNORMAL,UMN_ABN_010
Crowd-Activity-All.avi,UMN_001,123,246.0,248.0,ZONE_A,3,1.7833,3,0.01085044,1.16099728,0.545564,104,0.971963,0.00171269,20.5523,0.05138065,0.0344528,0.00525537,0.92150825,28.8961,300.8282,0.183423,ABNORMAL,UMN_ABN_010
Crowd-Activity-All.avi,UMN_001,123,246.0,248.0,ZONE_B,15,6.95,9,0.01086225,4.52955856,0.408285,402,0.964029,0.0022278,26.7335,0.06683388,0.06097076,0.04439277,1.7437241,40.6117,43.6122,0.160579,ABNORMAL,UMN_ABN_010
Crowd-Activity-All.avi,UMN_001,123,246.0,248.0,ZONE_C,4,2.7,3,0.01147238,1.85852487,0.411806,161,0.993827,0.00145533,17.4639,0.04365979,0.02579421,-0.01333554,0.74921888,35.3404,320.6826,0.106485,ABNORMAL,UMN_ABN_010
Crowd-Activity-All.avi,UMN_001,124,248.0,250.0,ZONE_A,3,1.9667,3,0.0108986,1.28603439,0.478098,118,1.0,0.00174841,20.9809,0.05245229,0.04523275,0.04930061,1.57205653,35.5722,199.9841,0.318473,ABNORMAL,UMN_ABN_010
Crowd-Activity-All.avi,UMN_001,124,248.0,250.0,ZONE_B,10,6.4167,8,0.01114496,4.29080945,0.389842,373,0.968831,0.00213866,25.6639,0.06415974,0.05686273,0.00728247,1.6843488,39.125,49.0157,0.110473,ABNORMAL,UMN_ABN_010
Crowd-Activity-All.avi,UMN_001,124,248.0,250.0,ZONE_C,3,3.0,3,0.01168597,2.10347499,0.469811,180,1.0,0.00143148,17.1777,0.04294429,0.02406229,0.00950198,0.68036999,29.0205,231.1652,0.252679,ABNORMAL,UMN_ABN_010
Crowd-Activity-All.avi,UMN_001,125,250.0,252.0,ZONE_A,4,2.5167,3,0.01209919,1.82697716,0.606962,146,0.966887,0.00151332,18.1599,0.04539965,0.03301622,0.01488556,0.82149154,34.0719,96.2675,0.453524,ABNORMAL,UMN_ABN_010
Crowd-Activity-All.avi,UMN_001,125,250.0,252.0,ZONE_B,11,5.3667,9,0.01103207,3.55232569,0.483805,309,0.959627,0.00177244,21.2693,0.05317334,0.05364634,0.00410319,1.49641967,33.7023,41.5678,0.079539,ABNORMAL,UMN_ABN_010
Crowd-Activity-All.avi,UMN_001,125,250.0,252.0,ZONE_C,9,3.7667,5,0.01201613,2.71564549,0.390114,221,0.977876,0.00172689,20.7226,0.05180659,0.03599657,0.00659583,1.09891588,38.9669,175.3847,0.224783,ABNORMAL,UMN_ABN_010
Crowd-Activity-All.avi,UMN_001,126,252.0,254.0,ZONE_A,4,1.85,3,0.01315329,1.46001501,0.597706,109,0.981982,0.0016257,19.5084,0.04877106,0.03152601,-0.02531022,0.82651788,27.7153,33.7148,0.67134,ABNORMAL,UMN_ABN_010
Crowd-Activity-All.avi,UMN_001,126,252.0,254.0,ZONE_B,10,6.1833,7,0.01063639,3.94610231,0.43565,366,0.986523,0.0015699,18.8388,0.04709701,0.03639668,0.01126503,1.26829974,36.5867,272.9644,0.091767,ABNORMAL,UMN_ABN_010
Crowd-Activity-All.avi,UMN_001,126,252.0,254.0,ZONE_C,6,4.7167,6,0.01276063,3.61125704,0.49193,280,0.989399,0.00159393,19.1271,0.0478178,0.0296379,0.00562494,0.83223325,32.8778,232.663,0.548995,ABNORMAL,UMN_ABN_010
Crowd-Activity-All.avi,UMN_001,127,254.0,256.0,ZONE_A,8,2.0508,5,0.01262908,1.52811844,0.446195,114,0.942149,0.00400015,48.0018,0.12000439,0.09990412,0.01911351,1.88759416,25.1082,196.9971,0.614905,ABNORMAL,UMN_ABN_010
Crowd-Activity-All.avi,UMN_001,127,254.0,256.0,ZONE_B,14,5.0167,7,0.01180599,3.55360251,0.504003,291,0.966777,0.00285851,34.3022,0.08575544,0.06427262,0.12999924,1.5015626,31.8841,213.2592,0.320537,ABNORMAL,UMN_ABN_010
Crowd-Activity-All.avi,UMN_001,127,254.0,256.0,ZONE_C,11,2.6316,4,0.0133217,1.99825537,0.381474,141,0.94,0.00299895,35.9873,0.08996839,0.09788929,0.16983664,2.30141809,32.5465,267.7495,0.615441,ABNORMAL,UMN_ABN_010
Crowd-Activity-All.avi,UMN_001,128,256.0,258.0,ZONE_A,4,2.04,3,0.01556047,0.79358393,0.573903,46,0.901961,0.00689424,82.7309,0.20682728,0.10876194,0.08150536,3.3399724,16.0103,181.9915,0.757175,NORMAL,
Crowd-Activity-All.avi,UMN_001,128,256.0,258.0,ZONE_B,2,1.5882,2,0.00688954,0.37203531,0.46276,53,0.981481,0.00335861,40.3033,0.10075819,0.04908287,-0.08627237,1.38300903,19.0357,282.5112,0.846659,NORMAL,
Crowd-Activity-All.avi,UMN_001,128,256.0,258.0,ZONE_C,8,2.7442,4,0.00971484,1.14635058,0.47514,102,0.864407,0.00478566,57.4279,0.14356975,0.08895386,-0.10113962,2.33312969,21.2354,318.7455,0.832623,NORMAL,
