sequence_id,scene_id,scene_name,zone_id,window_id,start_frame,end_frame,zone_presence_ratio,unique_person_count,avg_person_count_per_frame,max_person_count_per_frame,avg_bbox_area_ratio,max_bbox_area_ratio,avg_detection_confidence,valid_motion_rows,avg_movement_distance_norm,avg_speed_norm_s,max_speed_norm_s,speed_std_norm_s,avg_acceleration_norm_s2,acceleration_std_norm_s2,avg_direction_change_deg,direction_consistency,movement_activity_ratio,frames_until_transition,seconds_until_transition,future_forecast_label,future_abnormal_within_6sec,training_split
SEQ_01,SCENE_01,Lawn,ZONE_A,0,1,60,1.0,2,1.2833333333333334,2,0.0075688653246753,0.00880177,0.3374391948051948,75,0.0006354437662337,0.0190633149350649,0.05556052,0.0128645092212579,0.0275343966233766,0.3859844941469927,42.43885194805195,0.4614889733895826,0.974025974025974,466,15.533333333333333,NO_TRANSITION_WITHIN_6SEC,0,TRAIN
SEQ_01,SCENE_01,Lawn,ZONE_B,0,1,60,1.0,5,4.066666666666666,5,0.0113630253688524,0.01695243,0.4326362704918033,239,0.0013001709836065,0.0390051227868852,0.16270029,0.0326171593348489,-0.0063987125819672,1.013712383716486,40.82858237704918,0.1554888929643073,0.9795081967213116,466,15.533333333333333,NO_TRANSITION_WITHIN_6SEC,0,TRAIN
SEQ_01,SCENE_01,Lawn,ZONE_C,0,1,60,1.0,4,2.9833333333333334,4,0.0112406331284916,0.01409551,0.4127901787709497,175,0.0010411571508379,0.0312347046927374,0.12475084,0.0237522737257565,0.0083137041340782,0.6157155498173787,40.02165810055866,0.0919365009184089,0.9776536312849162,466,15.533333333333333,NO_TRANSITION_WITHIN_6SEC,0,TRAIN
SEQ_01,SCENE_01,Lawn,ZONE_A,1,61,120,1.0,3,1.4333333333333331,3,0.0082966836046511,0.01284659,0.3196747441860466,84,0.0013331606976744,0.0399948275581395,0.13258082,0.0313317420625979,-0.0078060072093023,0.7591603691352203,45.145461627906975,0.266331702410205,0.9767441860465116,406,13.533333333333333,NO_TRANSITION_WITHIN_6SEC,0,TRAIN
SEQ_01,SCENE_01,Lawn,ZONE_B,1,61,120,1.0,9,5.066666666666666,7,0.0104157504276315,0.01629004,0.4539197401315789,300,0.0013460238815789,0.0403807177960526,0.1890723,0.0293746045121749,0.0094280147039473,0.8216911560052799,39.48829671052631,0.2138029848529733,0.986842105263158,406,13.533333333333333,NO_TRANSITION_WITHIN_6SEC,0,TRAIN
SEQ_01,SCENE_01,Lawn,ZONE_C,1,61,120,1.0,6,2.033333333333333,4,0.0124804040163934,0.01686587,0.454641868852459,116,0.0013256705737704,0.039770109262295,0.12758964,0.0277544858675113,0.0354269390983606,0.7825238227579694,31.647707377049176,0.4454510734213132,0.9508196721311476,406,13.533333333333333,NO_TRANSITION_WITHIN_6SEC,0,TRAIN
SEQ_01,SCENE_01,Lawn,ZONE_A,2,121,180,1.0,4,3.183333333333333,4,0.0087827603141361,0.01314244,0.3947606282722513,190,0.0012538844502617,0.037616527486911,0.15437773,0.0260533417084905,-0.0103803566492146,0.6662775210597731,37.41598534031414,0.5846927827587798,0.9947643979057592,346,11.533333333333333,NO_TRANSITION_WITHIN_6SEC,0,TRAIN
SEQ_01,SCENE_01,Lawn,ZONE_B,2,121,180,1.0,7,3.7,5,0.0090983106756756,0.01339997,0.3865601351351351,222,0.00087527,0.0262581022522522,0.10649176,0.0188842358854806,-0.0060379797747747,0.4463185221620261,40.00448243243243,0.1110595165227195,1.0,346,11.533333333333333,NO_TRANSITION_WITHIN_6SEC,0,TRAIN
SEQ_01,SCENE_01,Lawn,ZONE_C,2,121,180,1.0,8,4.833333333333333,6,0.0111815833103448,0.02187593,0.4664949103448276,286,0.001689295137931,0.0506788506206896,0.40802615,0.0464691798084273,-0.0077861297931034,1.3516710995412784,36.03803413793104,0.2370565923567681,0.986206896551724,346,11.533333333333333,NO_TRANSITION_WITHIN_6SEC,0,TRAIN
SEQ_01,SCENE_01,Lawn,ZONE_A,3,181,240,1.0,5,3.783333333333333,5,0.0094978346696035,0.01675942,0.4404673039647577,226,0.0006797937444933,0.0203938015418502,0.06697398,0.0123430875047465,-0.0058037976211453,0.3991525666024387,41.99786784140969,0.377321653710277,0.9955947136563876,286,9.533333333333333,NO_TRANSITION_WITHIN_6SEC,0,TRAIN
SEQ_01,SCENE_01,Lawn,ZONE_B,3,181,240,1.0,7,4.016666666666667,5,0.011249302033195,0.03418826,0.4012858340248962,237,0.0015490264315352,0.0464707934024896,0.57778034,0.0621723346118279,-0.0002073273443983,2.0239511169894278,46.98906804979253,0.2881466949346342,0.983402489626556,286,9.533333333333333,NO_TRANSITION_WITHIN_6SEC,0,TRAIN
SEQ_01,SCENE_01,Lawn,ZONE_C,3,181,240,1.0,4,3.45,4,0.0101803740096618,0.01534941,0.5070300869565217,206,0.0009096887439613,0.0272906520289855,0.14543415,0.0199188598382357,0.0065685549275362,0.4920973573306806,39.14329903381642,0.1894347677529182,0.9951690821256038,286,9.533333333333333,NO_TRANSITION_WITHIN_6SEC,0,TRAIN
SEQ_01,SCENE_01,Lawn,ZONE_A,4,241,300,1.0,4,3.716666666666667,4,0.0102275958295964,0.01637538,0.4473128565022423,223,0.0008889568161434,0.0266687081165919,0.12094087,0.0199497622877088,-0.0037592511210762,0.543995530815767,43.13176591928251,0.4303729559300505,1.0,226,7.533333333333333,NO_TRANSITION_WITHIN_6SEC,0,TRAIN
SEQ_01,SCENE_01,Lawn,ZONE_B,4,241,300,1.0,5,3.183333333333333,5,0.0102992281675392,0.01508759,0.4040356910994764,188,0.0012942668586387,0.0388280145026178,0.19298352,0.0270138023161287,0.0133357915706806,0.8217195686305686,44.75426806282723,0.3433086476740842,0.9842931937172776,226,7.533333333333333,NO_TRANSITION_WITHIN_6SEC,0,TRAIN
SEQ_01,SCENE_01,Lawn,ZONE_C,4,241,300,1.0,3,2.933333333333333,3,0.0097375307386363,0.01424093,0.4743383636363636,176,0.0008847017613636,0.0265410538068181,0.08054636,0.0149507459731318,-0.000295761875,0.4929588145705189,40.93361931818182,0.1535389192875678,1.0,226,7.533333333333333,NO_TRANSITION_WITHIN_6SEC,0,TRAIN
SEQ_01,SCENE_01,Lawn,ZONE_A,5,301,360,1.0,5,3.583333333333333,4,0.0103478420465116,0.02240039,0.4320244604651162,214,0.0012464301395348,0.0373929107906976,0.28602358,0.0395028607717384,0.0063414383255813,1.027701282855443,40.42724325581395,0.3638627202514694,0.9953488372093025,166,5.533333333333333,ABNORMAL_WITHIN_6SEC,1,TRAIN
SEQ_01,SCENE_01,Lawn,ZONE_B,5,301,360,1.0,5,2.2666666666666666,3,0.011827510367647,0.0222283,0.4457533455882353,133,0.0011363777205882,0.0340913383088235,0.29723858,0.0315864061006483,0.0157095470588235,0.9814883350726064,42.3812080882353,0.4773851303937003,0.9779411764705882,166,5.533333333333333,ABNORMAL_WITHIN_6SEC,1,TRAIN
SEQ_01,SCENE_01,Lawn,ZONE_C,5,301,360,1.0,4,2.4166666666666665,3,0.0092415529655172,0.01304384,0.4360607310344827,144,0.0010091611034482,0.0302748303448275,0.12709972,0.0201015937488406,-0.0020116797931034,0.7056893560654222,49.21449655172415,0.3199507938018667,0.993103448275862,166,5.533333333333333,ABNORMAL_WITHIN_6SEC,1,TRAIN
SEQ_01,SCENE_01,Lawn,ZONE_A,6,361,420,1.0,5,3.6,4,0.0101925156018518,0.01296045,0.4920638148148148,214,0.0007644094444444,0.0229322891203703,0.07525887,0.0132658569181799,-2.784046296296289e-05,0.4322277693835955,45.67169907407407,0.6029961008344591,0.9907407407407408,106,3.533333333333333,ABNORMAL_WITHIN_6SEC,1,TRAIN
SEQ_01,SCENE_01,Lawn,ZONE_B,6,361,420,1.0,5,3.15,4,0.0113935418518518,0.02278213,0.407408343915344,185,0.0014121093650793,0.042363282063492,0.33366842,0.0447917786940911,-0.0185965796825396,1.1286588071150645,40.146298412698414,0.3873437123320429,0.9788359788359788,106,3.533333333333333,ABNORMAL_WITHIN_6SEC,1,TRAIN
SEQ_01,SCENE_01,Lawn,ZONE_C,6,361,420,1.0,3,2.433333333333333,3,0.0096198820547945,0.01163436,0.4570101643835617,143,0.0009427991780821,0.0282839869178082,0.08288019,0.0182562432275636,0.0263940708219178,0.4579009021317755,48.39155753424658,0.3012767427637073,0.9794520547945206,106,3.533333333333333,ABNORMAL_WITHIN_6SEC,1,TRAIN
SEQ_01,SCENE_01,Lawn,ZONE_A,7,421,480,1.0,4,2.2666666666666666,3,0.0111935783823529,0.01316158,0.4660521470588235,135,0.0009646413970588,0.0289392404411764,0.06372977,0.0148281580941662,0.0090450733823529,0.5158774969193289,40.71546691176471,0.5328664882361374,0.9926470588235294,46,1.5333333333333334,ABNORMAL_WITHIN_6SEC,1,TRAIN
SEQ_01,SCENE_01,Lawn,ZONE_B,7,421,480,1.0,5,3.733333333333333,4,0.0135137645089285,0.01881931,0.4737089196428572,224,0.0013459928125,0.0403797870089285,0.25015949,0.0348859234876234,-0.0056054747767857,0.9844051510096814,42.86772991071429,0.5463480906222343,1.0,46,1.5333333333333334,ABNORMAL_WITHIN_6SEC,1,TRAIN
SEQ_01,SCENE_01,Lawn,ZONE_C,7,421,480,1.0,5,2.083333333333333,3,0.0095874888799999,0.01368525,0.453290144,124,0.001145756,0.03437269848,0.17966274,0.0298615408265081,-0.00473554728,0.7392991298995235,40.9032984,0.415910837744182,0.992,46,1.5333333333333334,ABNORMAL_WITHIN_6SEC,1,TRAIN
SEQ_02,SCENE_01,Lawn,ZONE_A,0,627,686,1.0,7,3.9,5,0.0115884044017094,0.01677544,0.4806370897435897,228,0.0012787347863247,0.0383620363247863,0.13982308,0.0238268763154371,0.0069454896153846,0.7924565009144964,35.83304487179487,0.1929418934805914,0.9743589743589745,645,21.5,NO_TRANSITION_WITHIN_6SEC,0,VALIDATION
SEQ_02,SCENE_01,Lawn,ZONE_B,0,627,686,1.0,7,3.7,5,0.010490549009009,0.03059469,0.4176864504504504,216,0.0012282536486486,0.0368476059909909,0.30197693,0.0376033784585576,0.0041520790990991,0.9551813795203168,39.37462162162163,0.4109542838905599,0.972972972972973,645,21.5,NO_TRANSITION_WITHIN_6SEC,0,VALIDATION
SEQ_02,SCENE_01,Lawn,ZONE_C,0,628,686,0.9833333333333332,2,1.7457627118644068,2,0.0094861494174757,0.01171933,0.4953115339805826,102,0.0012295598058252,0.0368867924271844,0.08566335,0.0190694999455829,-0.0019666399999999,0.5662821827677685,31.453686407766995,0.1619262297594111,0.9902912621359224,645,21.5,NO_TRANSITION_WITHIN_6SEC,0,VALIDATION
SEQ_02,SCENE_01,Lawn,ZONE_A,1,687,746,1.0,7,4.2,5,0.0100971416666666,0.01599304,0.4806050436507936,247,0.000938355595238,0.0281506647222222,0.17376652,0.0236511768206657,-0.0045908726984127,0.7589860128311641,50.999972619047625,0.1763278974258043,0.98015873015873,585,19.5,NO_TRANSITION_WITHIN_6SEC,0,VALIDATION
SEQ_02,SCENE_01,Lawn,ZONE_B,1,687,746,1.0,12,4.85,6,0.0113653200343642,0.03272624,0.493380793814433,285,0.0015520283161512,0.0465608516151202,0.23620539,0.0402301595600102,-0.0006104208934707,1.1617614630691426,49.3061439862543,0.2531595855267817,0.979381443298969,585,19.5,NO_TRANSITION_WITHIN_6SEC,0,VALIDATION
SEQ_02,SCENE_01,Lawn,ZONE_C,1,687,735,0.8166666666666667,2,1.7142857142857142,2,0.0085692264285714,0.01258721,0.5126258095238094,84,0.0016368794047619,0.0491063792857142,0.16115337,0.0291433085488229,-0.002614656547619,0.9562550868685018,42.48843690476191,0.6462712387290341,1.0,596,19.866666666666667,NO_TRANSITION_WITHIN_6SEC,0,VALIDATION
SEQ_02,SCENE_01,Lawn,ZONE_A,2,747,806,1.0,4,3.2,4,0.0119317185416666,0.01942674,0.5074494427083333,185,0.0011643172395833,0.0349295176041666,0.22939483,0.0362858026709596,0.0006026528124999,1.2043162343443987,45.68903541666666,0.4239645871076398,0.9635416666666666,525,17.5,NO_TRANSITION_WITHIN_6SEC,0,VALIDATION
SEQ_02,SCENE_01,Lawn,ZONE_B,2,747,806,1.0,8,5.25,8,0.0115422727301587,0.0193349,0.5097972222222221,312,0.0016135187936507,0.048405572031746,0.34064887,0.0417138354605321,-0.0103053243492063,1.2442325428000902,44.64898126984127,0.2521012044715943,0.9904761904761904,525,17.5,NO_TRANSITION_WITHIN_6SEC,0,VALIDATION
SEQ_02,SCENE_01,Lawn,ZONE_C,2,774,806,0.55,1,1.0,1,0.0109812378787878,0.01165537,0.4697725757575758,33,0.000684479090909,0.0205343648484848,0.0395132,0.0099810245334808,-0.0259861721212121,0.335903856926564,38.52207878787879,0.4048960467877235,1.0,525,17.5,NO_TRANSITION_WITHIN_6SEC,0,VALIDATION
SEQ_02,SCENE_01,Lawn,ZONE_A,3,807,866,1.0,4,2.45,4,0.0127705714285714,0.02032604,0.5814889387755101,140,0.001144796802721,0.0343439079591836,0.22484191,0.0361398493278597,-0.0055637412925169,1.1770320298607724,48.78587551020408,0.3112651428815903,0.9523809523809524,465,15.5,NO_TRANSITION_WITHIN_6SEC,0,VALIDATION
SEQ_02,SCENE_01,Lawn,ZONE_B,3,807,866,1.0,11,5.983333333333333,7,0.0105275302506963,0.0259478,0.4467628579387186,350,0.0015543576880222,0.0466307269916434,0.68006537,0.0533722710276733,-0.0107469176323119,1.6822398253999904,49.74721253481894,0.1098832218216675,0.9749303621169916,465,15.5,NO_TRANSITION_WITHIN_6SEC,0,VALIDATION
SEQ_02,SCENE_01,Lawn,ZONE_C,3,823,866,0.7333333333333333,2,1.5227272727272727,2,0.0115776649253731,0.01531961,0.6640612537313433,66,0.0014925807462686,0.0447774258208955,0.14189821,0.0307860979856716,-0.0083294383582089,0.638785465684092,29.268780597014928,0.7990075687212534,0.9850746268656716,465,15.5,NO_TRANSITION_WITHIN_6SEC,0,VALIDATION
SEQ_02,SCENE_01,Lawn,ZONE_A,4,867,926,1.0,5,3.5,5,0.0099648942380952,0.01263303,0.502289938095238,208,0.000929879,0.027896371,0.12961608,0.022953889778494,-0.0124310112857142,0.5294325031286774,39.593466190476185,0.3825969248333389,0.9904761904761904,405,13.5,NO_TRANSITION_WITHIN_6SEC,0,VALIDATION
SEQ_02,SCENE_01,Lawn,ZONE_B,4,867,926,1.0,7,3.3,5,0.0105471122727272,0.01825414,0.4255948939393939,194,0.0018393147979797,0.0551794561616161,0.21921284,0.0391963266590518,0.0838783982828282,0.9998953970312688,36.13706767676768,0.1288918669280575,0.9797979797979798,405,13.5,NO_TRANSITION_WITHIN_6SEC,0,VALIDATION
SEQ_02,SCENE_01,Lawn,ZONE_C,4,867,926,1.0,2,1.8666666666666667,2,0.0095744423214285,0.0122585,0.4736980267857143,112,0.0010838613392857,0.0325158395535714,0.07639137,0.0181279947318479,-0.0105298435714285,0.5305828628310028,36.1698375,0.7822446572670945,1.0,405,13.5,NO_TRANSITION_WITHIN_6SEC,0,VALIDATION
SEQ_02,SCENE_01,Lawn,ZONE_A,5,927,986,1.0,5,3.65,5,0.0101645614155251,0.01220425,0.5364552922374429,219,0.0006488168949771,0.0194645109589041,0.12412613,0.0148140582312859,0.0075762383105022,0.4120846730533348,44.54145159817352,0.4919291164351723,1.0,345,11.5,NO_TRANSITION_WITHIN_6SEC,0,VALIDATION
SEQ_02,SCENE_01,Lawn,ZONE_B,5,927,986,1.0,8,3.883333333333333,6,0.0100603221888412,0.01463377,0.4260902145922747,228,0.0013017669098712,0.0390530100858369,0.13039742,0.0290063485760696,-0.0096009473390557,0.7675969594896074,47.205508583690985,0.0257729840281485,0.9785407725321889,345,11.5,NO_TRANSITION_WITHIN_6SEC,0,VALIDATION
SEQ_02,SCENE_01,Lawn,ZONE_C,5,927,986,1.0,3,1.9,3,0.010396581491228,0.01393593,0.5127273333333333,113,0.0010216621929824,0.0306498480701754,0.10697478,0.0211303206065196,-0.0259925962280701,0.5136689852906512,34.46074473684211,0.6301021882829974,0.9912280701754386,345,11.5,NO_TRANSITION_WITHIN_6SEC,0,VALIDATION
SEQ_02,SCENE_01,Lawn,ZONE_A,6,987,1046,1.0,5,3.316666666666667,5,0.0095050843718592,0.01218316,0.4579784522613065,197,0.0008486200502512,0.0254586010050251,0.19989829,0.0193211020779737,0.0282857344221105,0.5856227130588619,42.18816432160804,0.4313770522354793,0.9899497487437184,285,9.5,NO_TRANSITION_WITHIN_6SEC,0,VALIDATION
SEQ_02,SCENE_01,Lawn,ZONE_B,6,987,1046,1.0,7,4.116666666666666,5,0.009177655951417,0.01417904,0.4216933481781377,245,0.0009517844939271,0.028553531659919,0.15883282,0.0258325174050722,0.0011480229959514,0.700979336329354,48.03537570850202,0.2283243682275712,0.9919028340080972,285,9.5,NO_TRANSITION_WITHIN_6SEC,0,VALIDATION
SEQ_02,SCENE_01,Lawn,ZONE_C,6,987,1046,1.0,6,3.633333333333333,5,0.0101394790825688,0.01438766,0.491478866972477,215,0.0010616607798165,0.0318498273853211,0.13966203,0.0236166869946161,0.0107798623394495,0.5214922023589659,40.40522018348624,0.4013301506186913,0.9862385321100916,285,9.5,NO_TRANSITION_WITHIN_6SEC,0,VALIDATION
SEQ_02,SCENE_01,Lawn,ZONE_A,7,1047,1106,1.0,5,3.1333333333333333,4,0.0093948094680851,0.01414606,0.4205717287234042,186,0.0009759304787234,0.0292779190425531,0.10408794,0.0176359880881669,-0.0039621865957446,0.5742506087290892,37.40540478723404,0.6300270839632159,0.9893617021276596,225,7.5,NO_TRANSITION_WITHIN_6SEC,0,VALIDATION
SEQ_02,SCENE_01,Lawn,ZONE_B,7,1047,1106,1.0,8,4.166666666666667,7,0.00900029204,0.01487527,0.44323988,247,0.00098224276,0.02946727912,0.13029101,0.0235428241222812,0.0041567132,0.5714039842505882,49.333806800000005,0.2645663038006221,0.988,225,7.5,NO_TRANSITION_WITHIN_6SEC,0,VALIDATION
SEQ_02,SCENE_01,Lawn,ZONE_C,7,1047,1106,1.0,5,4.166666666666667,5,0.00932819172,0.01326575,0.458615316,250,0.00098922008,0.0296766017599999,0.14884275,0.0221614566573889,0.0079044656799999,0.729574479633904,49.86587480000001,0.3029013983149327,1.0,225,7.5,NO_TRANSITION_WITHIN_6SEC,0,VALIDATION
SEQ_02,SCENE_01,Lawn,ZONE_A,8,1107,1166,1.0,3,1.8,2,0.0096185684259259,0.01477975,0.359560898148148,105,0.0014925493518518,0.0447764878703703,0.28656398,0.0389492222592702,-0.0428172385185185,1.0268726124711016,36.65161851851852,0.2056260847635868,0.9722222222222222,165,5.5,ABNORMAL_WITHIN_6SEC,1,VALIDATION
SEQ_02,SCENE_01,Lawn,ZONE_B,8,1107,1166,1.0,11,5.733333333333333,8,0.0097328963372093,0.0155006,0.4437298081395349,341,0.0010165744186046,0.0304972236918604,0.29995562,0.0309711585477632,0.0321422143023255,0.925115865901532,44.35935087209302,0.1498709742684214,0.9912790697674418,165,5.5,ABNORMAL_WITHIN_6SEC,1,VALIDATION
SEQ_02,SCENE_01,Lawn,ZONE_C,8,1107,1166,1.0,4,2.566666666666667,4,0.009644899025974,0.01760872,0.4579974155844156,154,0.0013156841558441,0.0394705201298701,0.13307373,0.0221885694486712,0.0181991597402597,0.5538543332358502,31.59994090909091,0.7331535248301025,1.0,165,5.5,ABNORMAL_WITHIN_6SEC,1,VALIDATION
SEQ_02,SCENE_01,Lawn,ZONE_A,9,1167,1226,1.0,3,1.2666666666666666,2,0.0091061942105263,0.01047032,0.5489700526315789,74,0.0007090661842105,0.0212719789473684,0.0575904,0.0120707728618108,0.0158987247368421,0.3145930380560926,39.79264868421052,0.4863514062433599,0.9736842105263158,105,3.5,ABNORMAL_WITHIN_6SEC,1,VALIDATION
SEQ_02,SCENE_01,Lawn,ZONE_B,9,1167,1226,1.0,11,5.883333333333334,8,0.0101106056940509,0.02343898,0.4203557223796034,342,0.001627820651558,0.0488346187818696,0.48830632,0.0486474472215422,0.0271908181019829,1.3957630798240197,38.67813909348442,0.1954913981299718,0.9688385269121812,105,3.5,ABNORMAL_WITHIN_6SEC,1,VALIDATION
SEQ_02,SCENE_01,Lawn,ZONE_C,9,1167,1226,1.0,2,1.3333333333333333,2,0.009879386375,0.011697,0.598387625,80,0.00105873675,0.03176211525,0.1090856,0.0186297154575249,-0.003097655,0.4550080506662866,33.029465,0.3685344829708447,1.0,105,3.5,ABNORMAL_WITHIN_6SEC,1,VALIDATION
SEQ_02,SCENE_01,Lawn,ZONE_A,10,1227,1286,1.0,2,2.0,2,0.0107135676666666,0.01296235,0.5386015583333332,120,0.0013379891666666,0.04013966525,0.12042098,0.0289613405333687,-0.0105099889166666,0.6443755646060608,27.56074583333333,0.4671165185250469,1.0,45,1.5,ABNORMAL_WITHIN_6SEC,1,VALIDATION
SEQ_02,SCENE_01,Lawn,ZONE_B,10,1227,1286,1.0,7,3.4833333333333334,5,0.0093154548325358,0.01199731,0.5085354258373206,206,0.0009379127751196,0.0281373822488038,0.09916484,0.0170494573151922,-0.0210866306220095,0.6021144553564777,38.68809473684211,0.4030511937896012,0.985645933014354,45,1.5,ABNORMAL_WITHIN_6SEC,1,VALIDATION
SEQ_02,SCENE_01,Lawn,ZONE_C,10,1227,1286,1.0,2,1.95,2,0.0112019124786324,0.01418035,0.6300531282051283,117,0.0009673723076923,0.0290211692307692,0.08076771,0.0188703051325221,0.0022228218803418,0.5124764294562694,34.126087179487186,0.1536713408133943,1.0,45,1.5,ABNORMAL_WITHIN_6SEC,1,VALIDATION
SEQ_03,SCENE_02,Indoor,ZONE_A,0,1455,1514,1.0,3,2.3666666666666667,3,0.0100253470422535,0.01122289,0.522141838028169,139,0.0003537743661971,0.0106132341549295,0.05546709,0.0102496130256246,-0.0003416049295774,0.2828870574293762,65.12072394366197,0.1089586098776216,0.9788732394366196,293,9.766666666666667,NO_TRANSITION_WITHIN_6SEC,0,TRAIN
SEQ_03,SCENE_02,Indoor,ZONE_B,0,1455,1514,1.0,5,4.233333333333333,5,0.0105905619685039,0.01834607,0.5461181023622047,249,0.0008082310629921,0.0242469281889763,0.15511433,0.0219902296834458,0.0072361089763779,0.6340255218601661,51.15439566929134,0.2238990628418641,0.9803149606299212,293,9.766666666666667,NO_TRANSITION_WITHIN_6SEC,0,TRAIN
SEQ_03,SCENE_02,Indoor,ZONE_A,1,1515,1574,1.0,4,3.5,4,0.009299852,0.0109016,0.460324319047619,209,0.0005939266666666,0.0178177815714285,0.13557654,0.0205940416147435,0.0055042234285714,0.3915759938299859,64.21471571428572,0.0613433670826146,0.9952380952380953,233,7.766666666666667,NO_TRANSITION_WITHIN_6SEC,0,TRAIN
SEQ_03,SCENE_02,Indoor,ZONE_B,1,1515,1574,1.0,5,4.3,5,0.0102076789534883,0.01769009,0.4686362829457364,258,0.0010063343023255,0.0301900391472868,0.24818142,0.0333009429117128,0.0304487212790697,1.0090802584755785,56.39011046511629,0.0635121617120346,1.0,233,7.766666666666667,NO_TRANSITION_WITHIN_6SEC,0,TRAIN
SEQ_03,SCENE_02,Indoor,ZONE_A,2,1575,1634,1.0,5,3.466666666666667,5,0.0100294079326923,0.01538159,0.4525541971153846,206,0.0007361222115384,0.0220836779807692,0.16244695,0.0253004525653625,0.0092107977403846,0.5463813108977675,66.60823557692308,0.2201770957899452,0.9903846153846154,173,5.766666666666667,ABNORMAL_WITHIN_6SEC,1,TRAIN
SEQ_03,SCENE_02,Indoor,ZONE_B,2,1575,1634,1.0,6,4.366666666666666,5,0.0110325400763358,0.01931037,0.5086512213740458,259,0.0009688466030534,0.0290654001145038,0.27005037,0.0349380839657218,-0.0382029532061068,0.9328452146597188,50.40828244274809,0.1124729659793816,0.9885496183206108,173,5.766666666666667,ABNORMAL_WITHIN_6SEC,1,TRAIN
SEQ_03,SCENE_02,Indoor,ZONE_A,3,1635,1694,1.0,5,3.033333333333333,4,0.0102882523626373,0.01441768,0.3920287087912088,179,0.0008950685164835,0.0268520534615384,0.16075412,0.0269080743164796,0.0089509262637362,0.8778001360196506,58.60087472527472,0.1414235226133833,0.9835164835164836,113,3.7666666666666666,ABNORMAL_WITHIN_6SEC,1,TRAIN
SEQ_03,SCENE_02,Indoor,ZONE_B,3,1635,1694,1.0,5,4.533333333333333,5,0.010399309742647,0.01683414,0.5541724007352942,271,0.0007028937132352,0.0210868190808823,0.17592136,0.0228812970990384,-0.0026762090808823,0.604295885370399,52.55013088235294,0.081533016333529,0.9963235294117648,113,3.7666666666666666,ABNORMAL_WITHIN_6SEC,1,TRAIN
SEQ_03,SCENE_02,Indoor,ZONE_A,4,1695,1754,1.0,5,1.4,4,0.0121417844047619,0.01693356,0.4073011785714285,82,0.0014131621428571,0.0423948586904761,0.20132119,0.0405549381652621,0.0459799616666666,1.5667649362878773,60.647078571428565,0.190394686868891,0.9761904761904762,53,1.7666666666666666,ABNORMAL_WITHIN_6SEC,1,TRAIN
SEQ_03,SCENE_02,Indoor,ZONE_B,4,1695,1754,1.0,8,5.6,6,0.0102951455059523,0.01636899,0.3981133214285714,333,0.000883395595238,0.0265018655654761,0.23962199,0.024272165852111,0.0105256207738095,0.7160269347199046,45.5190431547619,0.2579832364431623,0.9910714285714286,53,1.7666666666666666,ABNORMAL_WITHIN_6SEC,1,TRAIN
SEQ_04,SCENE_02,Indoor,ZONE_A,0,2004,2063,1.0,7,5.983333333333333,7,0.0084606277437325,0.01818561,0.3990136880222842,352,0.0008025520891364,0.0240765629805013,0.27434376,0.0238169544344282,-0.0025858721448467,0.7154667328371673,56.7833799442897,0.1831380263673905,0.98050139275766,543,18.1,NO_TRANSITION_WITHIN_6SEC,0,TRAIN
SEQ_04,SCENE_02,Indoor,ZONE_B,0,2004,2063,1.0,3,2.933333333333333,3,0.0086808507954545,0.01169851,0.4678493579545454,172,0.0003806475,0.011419428465909,0.05664651,0.0109874279230817,0.0092902681818181,0.32208400454893,70.02261022727272,0.0430232491004229,0.9772727272727272,543,18.1,NO_TRANSITION_WITHIN_6SEC,0,TRAIN
SEQ_04,SCENE_02,Indoor,ZONE_A,1,2064,2123,1.0,5,4.2,5,0.0084769628571428,0.01218598,0.4027674722222222,251,0.0006055139682539,0.0181654140079365,0.13008971,0.0167492580988041,0.001503038531746,0.5714366330104994,70.88318452380952,0.0309879046948603,0.996031746031746,483,16.1,NO_TRANSITION_WITHIN_6SEC,0,TRAIN
SEQ_04,SCENE_02,Indoor,ZONE_B,1,2064,2123,1.0,4,3.85,4,0.0089075769696969,0.01163574,0.5321933636363636,230,0.0008059743722943,0.0241792269264069,0.13632405,0.0214264147286887,-0.0125350648484848,0.4766217470620512,47.1022935064935,0.1518589753539201,0.9956709956709956,483,16.1,NO_TRANSITION_WITHIN_6SEC,0,TRAIN
SEQ_04,SCENE_02,Indoor,ZONE_A,2,2124,2183,1.0,6,4.083333333333333,5,0.0103458319183673,0.01627407,0.3949389469387755,241,0.0008983938367346,0.0269518164489795,0.20455304,0.0249309435295787,0.0193849640816326,0.844571385690769,56.20996775510204,0.1791327691272285,0.9836734693877552,423,14.1,NO_TRANSITION_WITHIN_6SEC,0,TRAIN
SEQ_04,SCENE_02,Indoor,ZONE_B,2,2124,2183,1.0,6,4.066666666666666,5,0.0086856491393442,0.01227879,0.4160583360655738,243,0.0007393146721311,0.0221794361475409,0.33030114,0.035165873065841,0.0023278516393442,0.9302135767283616,58.36821844262295,0.2374085209428529,0.9959016393442623,423,14.1,NO_TRANSITION_WITHIN_6SEC,0,TRAIN
SEQ_04,SCENE_02,Indoor,ZONE_A,3,2184,2243,1.0,6,3.533333333333333,5,0.0110851228773584,0.01858002,0.4742734386792454,208,0.0012967392924528,0.0389021673113207,0.35437164,0.0461023183490652,0.0110011367924528,1.673329215926696,45.00155235849057,0.3853284870961942,0.981132075471698,363,12.1,NO_TRANSITION_WITHIN_6SEC,0,TRAIN
SEQ_04,SCENE_02,Indoor,ZONE_B,3,2184,2243,1.0,5,3.566666666666667,5,0.0091714495794392,0.0115908,0.4771181401869158,212,0.0003379112616822,0.0101373442056074,0.07434233,0.0104132428399004,-0.0059800605140186,0.3503748376529514,73.38165607476635,0.121112525622247,0.9906542056074766,363,12.1,NO_TRANSITION_WITHIN_6SEC,0,TRAIN
SEQ_04,SCENE_02,Indoor,ZONE_A,4,2244,2303,1.0,6,3.0166666666666666,4,0.0115733761878453,0.01705731,0.4423201049723758,178,0.0013288470718232,0.0398654165745856,0.34820257,0.0462765941137991,0.0371659655248618,1.1691839047354495,51.83398839779006,0.3516788000108978,0.9834254143646408,303,10.1,NO_TRANSITION_WITHIN_6SEC,0,TRAIN
SEQ_04,SCENE_02,Indoor,ZONE_B,4,2244,2303,1.0,5,4.133333333333334,5,0.0093312269354838,0.01232505,0.4411284919354838,247,0.0006835870967741,0.020507614798387,0.13296956,0.0230439250534154,0.0067643695564516,0.6129490671342485,62.599046774193546,0.1171336809455812,0.995967741935484,303,10.1,NO_TRANSITION_WITHIN_6SEC,0,TRAIN
SEQ_04,SCENE_02,Indoor,ZONE_A,5,2304,2363,1.0,5,3.183333333333333,4,0.0122581068586387,0.01845953,0.4321478167539266,189,0.0009952513089005,0.029857527539267,0.37907187,0.0363372476432729,-0.0208299995287958,1.2673415946942048,51.351051832460726,0.2760341907247743,0.9895287958115184,243,8.1,NO_TRANSITION_WITHIN_6SEC,0,TRAIN
SEQ_04,SCENE_02,Indoor,ZONE_B,5,2304,2363,1.0,8,5.566666666666666,7,0.0090552314670658,0.01509508,0.4307501976047904,330,0.0010617008383233,0.0318510284730538,0.45840339,0.0404814057569694,0.0132418209580838,1.347799597470358,53.88951766467067,0.2088113583676948,0.9880239520958084,243,8.1,NO_TRANSITION_WITHIN_6SEC,0,TRAIN
SEQ_04,SCENE_02,Indoor,ZONE_A,6,2364,2423,1.0,4,3.55,4,0.0109059330985915,0.0138642,0.4576229295774647,213,0.0005513512676056,0.0165405358215962,0.09738197,0.0148116610819104,0.0019184243192488,0.534805266719881,66.39198122065727,0.1165575789335828,1.0,183,6.1,NO_TRANSITION_WITHIN_6SEC,0,TRAIN
SEQ_04,SCENE_02,Indoor,ZONE_B,6,2364,2423,1.0,7,4.233333333333333,5,0.0091024666535433,0.01347316,0.4726073070866142,252,0.0008309385826771,0.0249281581889763,0.27973835,0.0304574824334493,-0.0040306161023622,0.8339275380318554,59.617933070866144,0.2261974638019971,0.9921259842519684,183,6.1,NO_TRANSITION_WITHIN_6SEC,0,TRAIN
SEQ_04,SCENE_02,Indoor,ZONE_A,7,2424,2483,1.0,6,2.7,4,0.0115224154938271,0.02571498,0.4078954444444444,158,0.0010953871604938,0.0328616141975308,0.65782114,0.0768894450261313,0.0743749198765432,1.90938872532698,62.66382407407408,0.1343028253742962,0.9753086419753086,123,4.1,ABNORMAL_WITHIN_6SEC,1,TRAIN
SEQ_04,SCENE_02,Indoor,ZONE_B,7,2424,2483,1.0,7,4.766666666666667,6,0.008185590034965,0.01258681,0.4527868076923077,282,0.0008083824825174,0.0242514767832167,0.2116927,0.0289620516545621,0.0038480937412587,0.6132378462387208,59.8329513986014,0.123055887053666,0.986013986013986,123,4.1,ABNORMAL_WITHIN_6SEC,1,TRAIN
SEQ_04,SCENE_02,Indoor,ZONE_A,8,2484,2543,1.0,7,2.65,4,0.0107737206918238,0.01955025,0.372926396226415,153,0.0011829970440251,0.0354899151572327,0.47464596,0.0600909780553611,-0.0096486421383647,1.6633517598692913,55.608675471698106,0.2606747266677799,0.9622641509433962,63,2.1,ABNORMAL_WITHIN_6SEC,1,TRAIN
SEQ_04,SCENE_02,Indoor,ZONE_B,8,2484,2543,1.0,8,6.133333333333334,7,0.0083898470380434,0.01335324,0.4264606766304347,366,0.0007598678532608,0.0227960382880434,0.24818865,0.0274805374388906,0.0129991579076087,0.6111574351422246,57.30413967391304,0.1384898882147269,0.9945652173913044,63,2.1,ABNORMAL_WITHIN_6SEC,1,TRAIN
SEQ_04,SCENE_02,Indoor,ZONE_A,9,2544,2603,1.0,6,2.45,4,0.0094597828571428,0.0157077,0.4119668503401361,142,0.0017167570068027,0.0515027036054421,0.24007044,0.0470831277331449,0.0439579959863945,1.273680666111885,45.11822653061225,0.3901695089370013,0.9659863945578232,3,0.1,ABNORMAL_WITHIN_6SEC,1,TRAIN
SEQ_04,SCENE_02,Indoor,ZONE_B,9,2544,2603,1.0,8,3.25,5,0.0094681428717948,0.01375922,0.4270805487179487,189,0.0016052409230769,0.0481572246666666,0.43307351,0.0577962457904616,0.0092285665641025,1.6735727237364897,47.60870666666666,0.2668008480753467,0.9692307692307692,3,0.1,ABNORMAL_WITHIN_6SEC,1,TRAIN
SEQ_05,SCENE_02,Indoor,ZONE_A,0,2689,2748,1.0,4,2.9,4,0.0117351978735632,0.01651061,0.4048698275862069,168,0.0009816204022988,0.0294486159770114,0.19045353,0.0295563248366554,0.0555119883908046,0.8815769507716419,72.32137298850576,0.1440776367052169,0.9655172413793104,472,15.733333333333333,NO_TRANSITION_WITHIN_6SEC,0,TRAIN
SEQ_05,SCENE_02,Indoor,ZONE_B,0,2689,2748,1.0,6,4.3,6,0.0103037477906976,0.01790332,0.5123702790697674,252,0.0010367905426356,0.031103716744186,0.21169738,0.0271739513786703,0.0217498960852713,0.7237331583926221,44.975498062015504,0.1575544608079635,0.9767441860465116,472,15.733333333333333,NO_TRANSITION_WITHIN_6SEC,0,TRAIN
SEQ_05,SCENE_02,Indoor,ZONE_A,1,2749,2808,1.0,3,1.8666666666666667,3,0.0141212449107142,0.01929837,0.3407066071428571,109,0.0007193960714285,0.0215818833928571,0.11500992,0.0197197971885306,-0.0212161866071428,0.609286627633364,59.14255625,0.0506826601818075,0.9732142857142856,412,13.733333333333333,NO_TRANSITION_WITHIN_6SEC,0,TRAIN
SEQ_05,SCENE_02,Indoor,ZONE_B,1,2749,2808,1.0,8,4.833333333333333,6,0.0103555395862068,0.01529895,0.523106496551724,286,0.0010911320689655,0.0327339708965517,0.21089301,0.0279800169616976,-0.0321428509655172,0.841089497730669,52.52467310344828,0.1377609099941834,0.986206896551724,412,13.733333333333333,NO_TRANSITION_WITHIN_6SEC,0,TRAIN
SEQ_05,SCENE_02,Indoor,ZONE_A,2,2809,2868,1.0,3,2.066666666666667,3,0.0135840449999999,0.01957173,0.3918844193548387,122,0.0009326778225806,0.0279803272580645,0.16120242,0.0293967167823304,0.005340228548387,0.9000360284379165,62.64349758064516,0.1999482152657821,0.9838709677419356,352,11.733333333333333,NO_TRANSITION_WITHIN_6SEC,0,TRAIN
SEQ_05,SCENE_02,Indoor,ZONE_B,2,2809,2868,1.0,9,5.683333333333334,7,0.0094452094721407,0.01682186,0.5021822082111437,335,0.0009757458064516,0.0292723743695014,0.34929644,0.027221705367953,-0.0004932946920821,0.8041173656323264,49.93920967741935,0.2440512724432169,0.9824046920821116,352,11.733333333333333,NO_TRANSITION_WITHIN_6SEC,0,TRAIN
SEQ_05,SCENE_02,Indoor,ZONE_A,3,2869,2928,1.0,4,2.35,4,0.0114836622695035,0.01454197,0.3172424680851064,140,0.0007807550354609,0.0234226504255319,0.10402063,0.0208535414291244,-0.0112685009219858,0.6425315554488187,63.09860567375886,0.2223500311155746,0.9929078014184396,292,9.733333333333333,NO_TRANSITION_WITHIN_6SEC,0,TRAIN
SEQ_05,SCENE_02,Indoor,ZONE_B,3,2869,2928,1.0,9,6.266666666666667,8,0.0094335032712765,0.01452144,0.4128238696808511,370,0.0010577936702127,0.0317338070212765,0.20549121,0.029414023732167,-0.0163585928723404,0.7603905217054291,48.674844946808506,0.174265285882321,0.9840425531914894,292,9.733333333333333,NO_TRANSITION_WITHIN_6SEC,0,TRAIN
SEQ_05,SCENE_02,Indoor,ZONE_A,4,2929,2988,1.0,7,2.333333333333333,4,0.0102988145,0.01737022,0.35752505,134,0.0013999050714285,0.0419971460714285,0.26544701,0.0459029672886854,0.0296884977857142,1.11332737790591,44.14687642857143,0.4136912468592806,0.9571428571428572,232,7.733333333333333,NO_TRANSITION_WITHIN_6SEC,0,TRAIN
SEQ_05,SCENE_02,Indoor,ZONE_B,4,2929,2988,1.0,7,5.233333333333333,7,0.0081650603503184,0.01231232,0.3758695350318471,309,0.0012961385668789,0.0388841559872611,0.23978243,0.0366095438642292,0.0116680044904458,0.7140047319488555,52.8361668789809,0.298658418256849,0.9840764331210192,232,7.733333333333333,NO_TRANSITION_WITHIN_6SEC,0,TRAIN
SEQ_05,SCENE_02,Indoor,ZONE_A,5,2989,3048,0.8,5,1.75,3,0.0126532986904761,0.0203856,0.3400997142857143,80,0.0016641191666666,0.0499235757142857,0.25234314,0.0494373346054375,0.0929532401190476,1.466062262850219,47.52785,0.2827433162447963,0.9523809523809524,172,5.733333333333333,ABNORMAL_WITHIN_6SEC,1,TRAIN
SEQ_05,SCENE_02,Indoor,ZONE_B,5,2989,3048,1.0,7,5.533333333333333,7,0.0088495647891566,0.01219671,0.4459999457831325,328,0.0008641052409638,0.0259231551204819,0.15205671,0.0223671056184094,0.0003793747289156,0.613385866870307,51.868735240963865,0.1464344999247257,0.9879518072289156,172,5.733333333333333,ABNORMAL_WITHIN_6SEC,1,TRAIN
SEQ_05,SCENE_02,Indoor,ZONE_A,6,3049,3108,0.9333333333333332,4,1.3571428571428572,2,0.0130442985526315,0.01916993,0.3977972631578947,74,0.0011253357894736,0.0337600686842105,0.28234088,0.0388355012537005,-0.0161973378947368,1.444995780278317,53.20930131578948,0.4130340527659752,0.9736842105263158,112,3.7333333333333334,ABNORMAL_WITHIN_6SEC,1,TRAIN
SEQ_05,SCENE_02,Indoor,ZONE_B,6,3049,3108,1.0,8,5.633333333333334,7,0.0097324836982248,0.01896214,0.3973312692307692,333,0.0010323747633136,0.0309712447928994,0.22301708,0.024214571273274,0.0045661967455621,0.7336933000722395,40.538010355029584,0.2372915063173714,0.985207100591716,112,3.7333333333333334,ABNORMAL_WITHIN_6SEC,1,TRAIN
SEQ_05,SCENE_02,Indoor,ZONE_A,7,3109,3168,1.0,4,2.433333333333333,4,0.0116576066438356,0.01754666,0.4231349657534246,144,0.0015272690410958,0.0458180631506849,0.15777639,0.0305831440264535,0.039400284589041,0.6945282891157877,33.01016232876713,0.4727919913666272,0.9863013698630136,52,1.7333333333333334,ABNORMAL_WITHIN_6SEC,1,TRAIN
SEQ_05,SCENE_02,Indoor,ZONE_B,7,3109,3168,1.0,9,4.383333333333334,5,0.0102436338022813,0.0199249,0.3471368403041825,259,0.0011829200380228,0.035487604676806,0.34551693,0.0408817036612262,0.0518602294296577,0.9457220505537166,49.54714448669201,0.093892942647296,0.9847908745247148,52,1.7333333333333334,ABNORMAL_WITHIN_6SEC,1,TRAIN
SEQ_06,SCENE_02,Indoor,ZONE_A,0,3457,3516,1.0,1,1.0,1,0.0077914858333333,0.0091572,0.3609576,59,0.000535931,0.0160779221666666,0.04155332,0.0087338974159797,-0.0009465498333333,0.3253174494505247,55.498881666666655,0.2909518185241584,0.9833333333333332,423,14.1,NO_TRANSITION_WITHIN_6SEC,0,VALIDATION
SEQ_06,SCENE_02,Indoor,ZONE_B,0,3457,3516,1.0,8,6.0,7,0.0098634734722222,0.01691079,0.4916060833333333,350,0.0008504178333333,0.0255125242222222,0.16248139,0.0257444719255706,0.0044066448333333,0.5889117775483369,55.44339138888889,0.1762091705252399,0.9722222222222222,423,14.1,NO_TRANSITION_WITHIN_6SEC,0,VALIDATION
SEQ_06,SCENE_02,Indoor,ZONE_A,1,3517,3576,1.0,2,1.15,2,0.0078995504347826,0.00892904,0.2373447101449274,68,0.000713602173913,0.0214080766666666,0.06412595,0.0141617832599753,0.025339908115942,0.509419205086531,52.509926086956526,0.4470836169443352,0.9855072463768116,363,12.1,NO_TRANSITION_WITHIN_6SEC,0,VALIDATION
SEQ_06,SCENE_02,Indoor,ZONE_B,1,3517,3576,1.0,10,5.583333333333333,7,0.0104143541194029,0.01677426,0.463143976119403,327,0.0012266913731343,0.0368007402686567,0.21501854,0.0352003068561612,0.0108457726268656,0.7582384668822271,45.06016268656717,0.3372539087959505,0.9761194029850746,363,12.1,NO_TRANSITION_WITHIN_6SEC,0,VALIDATION
SEQ_06,SCENE_02,Indoor,ZONE_A,2,3577,3636,0.7,4,1.4761904761904765,2,0.0104858362903225,0.01615768,0.2864731935483871,57,0.0022653962903225,0.0679618732258064,0.29050032,0.0629276078658694,0.1259290537096774,1.5216451693349065,41.64641612903226,0.3416877186697279,0.9193548387096774,303,10.1,NO_TRANSITION_WITHIN_6SEC,0,VALIDATION
SEQ_06,SCENE_02,Indoor,ZONE_B,2,3577,3636,1.0,9,6.466666666666667,8,0.0094851352061855,0.01298046,0.436728587628866,384,0.0009591794329896,0.0287753905412371,0.23770301,0.0247968272503591,-0.0093798352577319,0.7345344854450118,45.7406087628866,0.1098043204250943,0.9896907216494846,303,10.1,NO_TRANSITION_WITHIN_6SEC,0,VALIDATION
SEQ_06,SCENE_02,Indoor,ZONE_A,3,3637,3696,1.0,4,1.4666666666666666,3,0.0111881910227272,0.01367331,0.4417983636363636,85,0.0011770492045454,0.0353114774999999,0.24154755,0.0332511546431315,0.0637882409090909,0.6674984702648918,34.30572386363636,0.6571640561838819,0.9659090909090908,243,8.1,NO_TRANSITION_WITHIN_6SEC,0,VALIDATION
SEQ_06,SCENE_02,Indoor,ZONE_B,3,3637,3696,1.0,7,6.033333333333333,7,0.0095775950276243,0.01480907,0.4471175773480663,362,0.0006345647790055,0.0190369496132596,0.1110646,0.018414625283932,-0.0006892149723756,0.4094738651712996,59.573677071823205,0.1881348080178848,1.0,243,8.1,NO_TRANSITION_WITHIN_6SEC,0,VALIDATION
SEQ_06,SCENE_02,Indoor,ZONE_A,4,3697,3756,1.0,4,2.066666666666667,3,0.0098898901612903,0.01428701,0.3225354758064516,122,0.000770094032258,0.0231028198387096,0.0853877,0.0165254290622814,0.0187687045967741,0.5128002189134225,54.612460483870976,0.2364852829682509,0.9838709677419356,183,6.1,NO_TRANSITION_WITHIN_6SEC,0,VALIDATION
SEQ_06,SCENE_02,Indoor,ZONE_B,4,3697,3756,1.0,8,6.083333333333333,7,0.0090667617260273,0.01251389,0.4521819835616438,363,0.0004440436712328,0.0133213084657534,0.10996556,0.0137663990371885,-0.0016817996164383,0.3776759887290349,67.85858109589041,0.0851970285024643,0.9945205479452056,183,6.1,NO_TRANSITION_WITHIN_6SEC,0,VALIDATION
SEQ_06,SCENE_02,Indoor,ZONE_A,5,3757,3816,1.0,3,2.1666666666666665,3,0.0117445601538461,0.01468883,0.4766631461538461,128,0.0007735261538461,0.023205784,0.07906905,0.0151968684911451,-0.001998585076923,0.4896786387326197,50.015661538461536,0.3575135250859782,0.9846153846153848,123,4.1,ABNORMAL_WITHIN_6SEC,1,VALIDATION
SEQ_06,SCENE_02,Indoor,ZONE_B,5,3757,3816,1.0,6,5.316666666666666,6,0.0100650634796238,0.01363807,0.5746927993730407,318,0.0003587934482758,0.0107638020689655,0.04475272,0.0081263246000105,-0.0040553161442006,0.2627231338683606,68.90044639498433,0.0157571964234208,0.9968652037617556,123,4.1,ABNORMAL_WITHIN_6SEC,1,VALIDATION
SEQ_06,SCENE_02,Indoor,ZONE_A,6,3817,3876,1.0,3,2.3666666666666667,3,0.0119500654225352,0.02016359,0.4090456267605634,137,0.0009693961267605,0.0290818792957746,0.41404958,0.0520099978952999,0.0379539627464788,1.291966721686217,65.40165704225352,0.2150684652649684,0.9647887323943662,63,2.1,ABNORMAL_WITHIN_6SEC,1,VALIDATION
SEQ_06,SCENE_02,Indoor,ZONE_B,6,3817,3876,1.0,7,6.0,7,0.0096037935555555,0.0140585,0.523885763888889,358,0.0004353186111111,0.0130595535555555,0.12064535,0.0147295380428688,0.0005264751666666,0.4150404510797779,64.20892472222222,0.0386401171344482,0.9944444444444444,63,2.1,ABNORMAL_WITHIN_6SEC,1,VALIDATION
SEQ_06,SCENE_02,Indoor,ZONE_A,7,3877,3936,0.9833333333333332,3,2.1864406779661016,3,0.009380990620155,0.01389603,0.3321782093023255,127,0.0013798153488372,0.0413944637209302,0.22419184,0.0401644582800646,0.0654601775193798,0.7580027425343248,46.73118682170542,0.4363801023448356,0.9844961240310076,3,0.1,ABNORMAL_WITHIN_6SEC,1,VALIDATION
SEQ_06,SCENE_02,Indoor,ZONE_B,7,3877,3936,1.0,13,4.633333333333334,7,0.0093578605755395,0.01886958,0.4623593705035971,269,0.0011323305035971,0.033969922589928,0.24947245,0.0390998246096238,0.0259879938489208,0.8350405312431782,45.45452482014388,0.2798270493451163,0.9676258992805756,3,0.1,ABNORMAL_WITHIN_6SEC,1,VALIDATION
SEQ_07,SCENE_02,Indoor,ZONE_A,0,4036,4095,1.0,5,2.3,3,0.0092677073913043,0.01816036,0.3504775507246376,129,0.0009846246376811,0.0295387475362318,0.50674539,0.0503311134462164,0.0048044015217391,1.7263304365585883,52.33269202898551,0.1716941280465974,0.9347826086956522,713,23.766666666666666,NO_TRANSITION_WITHIN_6SEC,0,TRAIN
SEQ_07,SCENE_02,Indoor,ZONE_B,0,4036,4095,1.0,10,6.233333333333333,8,0.0077926002139037,0.01383724,0.4351623743315507,364,0.0007465862032085,0.0223975777807486,0.1351616,0.0220853125942384,-0.0029320881818181,0.5320585158405015,54.06768743315508,0.0956736558725269,0.9732620320855616,713,23.766666666666666,NO_TRANSITION_WITHIN_6SEC,0,TRAIN
SEQ_07,SCENE_02,Indoor,ZONE_C,0,4049,4073,0.2333333333333333,3,1.0,1,0.00445405,0.00731383,0.313778,12,0.0010860778571428,0.0325823099999999,0.09610135,0.0305806277937163,-0.0222304307142857,0.6154147040749147,23.025485714285715,0.6881955386783515,0.8571428571428571,735,24.5,NO_TRANSITION_WITHIN_6SEC,0,TRAIN
SEQ_07,SCENE_02,Indoor,ZONE_A,1,4096,4155,1.0,3,1.6833333333333331,3,0.009573190990099,0.01527736,0.3284382178217822,99,0.0007452494059405,0.0223574858415841,0.0546136,0.0122625900949215,0.0167994199999999,0.3713013639643291,37.428348514851486,0.2672886437200286,0.9801980198019802,653,21.766666666666666,NO_TRANSITION_WITHIN_6SEC,0,TRAIN
SEQ_07,SCENE_02,Indoor,ZONE_B,1,4096,4155,1.0,9,5.383333333333334,7,0.0077376281114551,0.01404876,0.3670074024767802,319,0.0007153194736842,0.0214595841795665,0.46230602,0.0298289378583715,0.0299208899071207,0.8432998881561801,58.91000030959752,0.1984421644108623,0.9876160990712074,653,21.766666666666666,NO_TRANSITION_WITHIN_6SEC,0,TRAIN
SEQ_07,SCENE_02,Indoor,ZONE_A,2,4156,4215,1.0,4,1.7166666666666666,2,0.0093280775728155,0.01427725,0.3750502524271844,98,0.0019135581553398,0.057406748737864,0.21396981,0.0389065440858242,0.0452404874757281,0.9427013585935594,25.7842291262136,0.6909791793609317,0.9514563106796116,593,19.766666666666666,NO_TRANSITION_WITHIN_6SEC,0,TRAIN
SEQ_07,SCENE_02,Indoor,ZONE_B,2,4156,4215,1.0,10,6.116666666666666,8,0.0086751245776566,0.01466408,0.4406558092643052,359,0.0010609186648501,0.0318275585558583,0.21329737,0.0337182937372132,0.0207812692643051,0.7751237810885799,54.265703814713895,0.2455050529448335,0.9782016348773842,593,19.766666666666666,NO_TRANSITION_WITHIN_6SEC,0,TRAIN
SEQ_07,SCENE_02,Indoor,ZONE_A,3,4216,4275,0.7833333333333333,3,1.297872340425532,2,0.010317144262295,0.01546929,0.2836238196721311,58,0.0015171460655737,0.0455143814754098,0.15196152,0.0423285014844858,-0.071241164262295,1.0680843397748851,47.39427704918033,0.5544238243318546,0.9508196721311476,533,17.766666666666666,NO_TRANSITION_WITHIN_6SEC,0,TRAIN
SEQ_07,SCENE_02,Indoor,ZONE_B,3,4216,4275,1.0,9,5.6,7,0.0097778769940476,0.02359946,0.4455230446428571,335,0.0014545376785714,0.0436361310416666,0.52628925,0.0501166704506039,7.268160714285223e-05,1.4808247633582503,44.95198333333333,0.4367040451251576,0.9970238095238096,533,17.766666666666666,NO_TRANSITION_WITHIN_6SEC,0,TRAIN
SEQ_07,SCENE_02,Indoor,ZONE_A,4,4276,4335,0.8166666666666667,4,1.5510204081632653,3,0.0125108302631578,0.01714031,0.3948027763157894,70,0.0018425869736842,0.055277605,0.19308449,0.0472275627018947,0.0009616640789473,1.0696948582638586,45.360089473684205,0.4036107425096088,0.9210526315789472,473,15.766666666666667,NO_TRANSITION_WITHIN_6SEC,0,TRAIN
SEQ_07,SCENE_02,Indoor,ZONE_B,4,4276,4335,1.0,7,4.166666666666667,5,0.00884772692,0.01748732,0.452901444,246,0.00113515592,0.03405467088,0.23624482,0.0351144181368301,-0.0197001755599999,0.8480507419801023,51.7508892,0.1943893762218542,0.984,473,15.766666666666667,NO_TRANSITION_WITHIN_6SEC,0,TRAIN
SEQ_07,SCENE_02,Indoor,ZONE_A,5,4336,4395,1.0,7,2.8833333333333333,4,0.0090260113872832,0.01524951,0.3785328208092485,166,0.0009506109248554,0.0285183316184971,0.29826347,0.0335666157772256,0.0483600687861271,0.8609137249596791,60.00543179190751,0.2620453595022556,0.9595375722543352,413,13.766666666666667,NO_TRANSITION_WITHIN_6SEC,0,TRAIN
SEQ_07,SCENE_02,Indoor,ZONE_B,5,4336,4395,1.0,10,5.4,8,0.0079278527777777,0.0144875,0.4826381604938272,319,0.0013952658333333,0.041857976728395,0.52612685,0.042561936208801,0.0104787224074074,1.3870723774519096,39.93135030864197,0.4142916149750916,0.984567901234568,413,13.766666666666667,NO_TRANSITION_WITHIN_6SEC,0,TRAIN
SEQ_07,SCENE_02,Indoor,ZONE_C,5,4337,4353,0.2666666666666666,1,1.0,1,0.01277426,0.01346406,0.459754625,15,0.001926160625,0.057784791875,0.10769306,0.0321640397179702,-0.08942386625,0.6548319489514798,18.80670625,0.7759296920960955,0.9375,455,15.166666666666666,NO_TRANSITION_WITHIN_6SEC,0,TRAIN
SEQ_07,SCENE_02,Indoor,ZONE_A,6,4396,4455,1.0,5,3.033333333333333,4,0.0092313263736263,0.01259962,0.3927176263736263,178,0.0009491883516483,0.0284756473076923,0.21658874,0.0309709154726763,0.0381886282967032,0.9841520206083632,69.54461208791209,0.0447627571216121,0.978021978021978,353,11.766666666666667,NO_TRANSITION_WITHIN_6SEC,0,TRAIN
SEQ_07,SCENE_02,Indoor,ZONE_B,6,4396,4455,1.0,10,5.483333333333333,7,0.0088259983890577,0.02748906,0.5250298237082067,317,0.0015567367781155,0.0467020972644376,0.44428751,0.0501562791460513,0.0652206971428571,1.2344004922847374,39.87995835866261,0.2593511404131601,0.9635258358662614,353,11.766666666666667,NO_TRANSITION_WITHIN_6SEC,0,TRAIN
SEQ_07,SCENE_02,Indoor,ZONE_C,6,4446,4455,0.15,1,1.0,1,0.00275654,0.00281754,0.2184432222222222,7,0.0005297122222222,0.01589136,0.0520524,0.0176036751574304,0.1182245122222222,0.3500929698044438,39.44358888888889,0.4295418151684381,0.7777777777777778,353,11.766666666666667,NO_TRANSITION_WITHIN_6SEC,0,TRAIN
SEQ_07,SCENE_02,Indoor,ZONE_A,7,4456,4515,0.9666666666666668,4,1.6551724137931034,3,0.0104519185416666,0.01692715,0.3865596458333333,91,0.0019534848958333,0.0586045447916666,0.24463627,0.0434347540378537,-0.0152080883333333,1.289673456827162,43.16675416666667,0.5511692720139963,0.9479166666666666,293,9.766666666666667,NO_TRANSITION_WITHIN_6SEC,0,TRAIN
SEQ_07,SCENE_02,Indoor,ZONE_B,7,4456,4515,1.0,11,5.133333333333334,7,0.0098119448376623,0.01678895,0.4455451688311688,299,0.0012365427597402,0.0370962746753246,0.40293657,0.0485773917926837,-0.0034886428571428,1.44424480434438,45.42213311688312,0.1010392484129551,0.9707792207792209,293,9.766666666666667,NO_TRANSITION_WITHIN_6SEC,0,TRAIN
SEQ_07,SCENE_02,Indoor,ZONE_C,7,4474,4474,0.0166666666666666,1,1.0,1,0.00881543,0.00881543,0.330255,1,0.00752926,0.22587792,0.22587792,0.0,0.0,0.0,0.0,1.0000000017073063,1.0,334,11.133333333333333,NO_TRANSITION_WITHIN_6SEC,0,TRAIN
SEQ_07,SCENE_02,Indoor,ZONE_A,8,4516,4575,1.0,2,1.25,2,0.0110454024,0.0132914,0.4048341733333333,74,0.0021548722666666,0.0646461649333333,0.19304013,0.0437581018821802,0.0302040644,0.9119576848872516,34.550008000000005,0.7337080595332638,0.9866666666666668,233,7.766666666666667,NO_TRANSITION_WITHIN_6SEC,0,TRAIN
SEQ_07,SCENE_02,Indoor,ZONE_B,8,4516,4575,1.0,14,5.95,9,0.0096755275630252,0.01917955,0.35491081232493,342,0.0014955083193277,0.044865248767507,0.4835265,0.0554250657369946,0.0677998833053221,1.476529053015828,46.68799831932774,0.1305789223444042,0.957983193277311,233,7.766666666666667,NO_TRANSITION_WITHIN_6SEC,0,TRAIN
SEQ_07,SCENE_02,Indoor,ZONE_A,9,4576,4635,0.9833333333333332,3,1.6271186440677967,2,0.0093289033333333,0.01327566,0.3410212187500001,93,0.0010987179166666,0.0329615360416666,0.32029252,0.041443227366816,-0.0030506413541666,1.0262804969461925,44.008857291666665,0.3388989989004179,0.96875,173,5.766666666666667,ABNORMAL_WITHIN_6SEC,1,TRAIN
SEQ_07,SCENE_02,Indoor,ZONE_B,9,4576,4635,1.0,10,6.766666666666667,8,0.0096724107142857,0.01626101,0.4313416921182266,402,0.0011728309359605,0.0351849313546798,0.20070966,0.0296067627685259,0.003660277684729,0.8073665217945685,50.69402290640394,0.2381018818407503,0.9901477832512317,173,5.766666666666667,ABNORMAL_WITHIN_6SEC,1,TRAIN
SEQ_07,SCENE_02,Indoor,ZONE_A,10,4636,4695,1.0,4,2.433333333333333,3,0.0080359869178082,0.0116318,0.3855575547945206,145,0.0006878575342465,0.020635721369863,0.20292978,0.030702752155976,0.0193087729452054,0.6734751641689882,71.74212876712329,0.1945544644435684,0.9931506849315068,113,3.7666666666666666,ABNORMAL_WITHIN_6SEC,1,TRAIN
SEQ_07,SCENE_02,Indoor,ZONE_B,10,4636,4695,1.0,11,6.683333333333334,8,0.0099265926184538,0.02622526,0.4914888653366583,392,0.0014296930673316,0.0428907988528678,0.48360095,0.0558711892870996,0.0354410322194513,1.5594788213863433,46.45891346633417,0.0442853332391297,0.9775561097256856,113,3.7666666666666666,ABNORMAL_WITHIN_6SEC,1,TRAIN
SEQ_07,SCENE_02,Indoor,ZONE_A,11,4696,4755,1.0,4,3.0166666666666666,4,0.0079893568508287,0.01395361,0.2698845303867403,178,0.0007890425414364,0.0236712779558011,0.18007538,0.0280289661010552,-0.0092773766850828,0.6417693498786148,62.24753812154697,0.2443962826190384,0.9834254143646408,53,1.7666666666666666,ABNORMAL_WITHIN_6SEC,1,TRAIN
SEQ_07,SCENE_02,Indoor,ZONE_B,11,4696,4755,1.0,8,5.966666666666667,7,0.0090150502793296,0.0157573,0.4426057011173184,356,0.0008161794972067,0.024485389273743,0.11674442,0.0208813404630698,0.0020288571787709,0.4764356737324257,53.84556620111732,0.1514932050592229,0.994413407821229,53,1.7666666666666666,ABNORMAL_WITHIN_6SEC,1,TRAIN
SEQ_08,SCENE_02,Indoor,ZONE_A,0,4931,4990,1.0,2,1.2,2,0.0108510248611111,0.01288126,0.5218821527777777,68,0.0016153683333333,0.0484610526388888,0.15794392,0.0331867588240516,-0.0065108309722222,1.0438723417777351,32.209095833333336,0.6975689455774942,0.9444444444444444,433,14.433333333333334,NO_TRANSITION_WITHIN_6SEC,0,TEST
SEQ_08,SCENE_02,Indoor,ZONE_B,0,4931,4990,1.0,10,7.833333333333333,9,0.0089160052765957,0.0190756,0.451772944680851,460,0.0008918121702127,0.0267543682978723,0.28968649,0.0291970521512806,-0.0031597855106383,0.67394189564528,45.34108808510638,0.1549370000825676,0.9787234042553192,433,14.433333333333334,NO_TRANSITION_WITHIN_6SEC,0,TEST
SEQ_08,SCENE_02,Indoor,ZONE_A,1,4991,5050,1.0,9,2.7333333333333334,5,0.009928525304878,0.01745222,0.3996166036585366,157,0.0011463935975609,0.0343918095121951,0.20502193,0.0285371961114906,0.0116281848780487,0.919194175200494,45.70513292682927,0.3576867136867971,0.9573170731707316,373,12.433333333333334,NO_TRANSITION_WITHIN_6SEC,0,TEST
SEQ_08,SCENE_02,Indoor,ZONE_B,1,4991,5050,1.0,7,5.0,7,0.0088351732333333,0.01313409,0.4846062399999999,298,0.0010578042666666,0.031734122,0.20851882,0.0283975129044767,-0.0042079818999999,0.7971187384289333,52.30417033333333,0.0511604666275543,0.9933333333333332,373,12.433333333333334,NO_TRANSITION_WITHIN_6SEC,0,TEST
SEQ_08,SCENE_02,Indoor,ZONE_A,2,5051,5110,1.0,9,3.633333333333333,5,0.0115678423853211,0.01539993,0.4388924633027523,210,0.0017409591284403,0.0522287704587155,0.24024054,0.0350595799145562,0.0293077492201835,0.909245332106712,40.57205917431192,0.1374700188503613,0.963302752293578,313,10.433333333333334,NO_TRANSITION_WITHIN_6SEC,0,TEST
SEQ_08,SCENE_02,Indoor,ZONE_B,2,5051,5110,1.0,5,3.6166666666666663,4,0.0090529300921658,0.01210564,0.5247524193548387,216,0.0005460007834101,0.0163800254838709,0.08241117,0.0140775436506101,-0.0042512643778801,0.3779390566939853,57.85497834101382,0.260899054543663,0.9953917050691244,313,10.433333333333334,NO_TRANSITION_WITHIN_6SEC,0,TEST
SEQ_08,SCENE_02,Indoor,ZONE_A,3,5111,5170,1.0,6,2.1666666666666665,5,0.0104493171538461,0.01399951,0.4758148846153845,128,0.0013400353846153,0.0402010601538461,0.40365519,0.0412306268316197,-0.0235679543076923,1.4016225619086062,46.42273538461538,0.3563096516301489,0.9846153846153848,253,8.433333333333334,NO_TRANSITION_WITHIN_6SEC,0,TEST
SEQ_08,SCENE_02,Indoor,ZONE_B,3,5111,5170,1.0,8,5.0,6,0.0101129256666666,0.01518098,0.5106978166666666,298,0.0010658319,0.0319749578333333,0.45187051,0.0432969334335653,0.0217640161333333,1.3512467545778502,45.35806566666666,0.3240391051403297,0.9933333333333332,253,8.433333333333334,NO_TRANSITION_WITHIN_6SEC,0,TEST
SEQ_08,SCENE_02,Indoor,ZONE_A,4,5171,5230,1.0,2,1.7333333333333334,2,0.009479824326923,0.01282551,0.4922211153846154,103,0.0007921317307692,0.0237639533653846,0.10293109,0.0210847182117264,0.0049662047115384,0.4904932067730265,51.51654423076924,0.3590140563988034,0.9903846153846154,193,6.433333333333334,NO_TRANSITION_WITHIN_6SEC,0,TEST
SEQ_08,SCENE_02,Indoor,ZONE_B,4,5171,5230,1.0,10,7.25,8,0.0093623276551724,0.01416219,0.4689872114942529,429,0.0009459076551724,0.028377230367816,0.26280766,0.0295977192544275,-0.0022876657241379,0.7296444568987571,51.39144045977012,0.1679033839227628,0.986206896551724,193,6.433333333333334,NO_TRANSITION_WITHIN_6SEC,0,TEST
SEQ_08,SCENE_02,Indoor,ZONE_A,5,5231,5290,1.0,4,2.9833333333333334,4,0.0089478408379888,0.01391353,0.4253345921787708,177,0.0005780397765363,0.0173412039664804,0.11174203,0.0167280383001599,0.0049241196089385,0.4624757795925815,64.16198715083799,0.1826931923085523,0.988826815642458,133,4.433333333333334,ABNORMAL_WITHIN_6SEC,1,TEST
SEQ_08,SCENE_02,Indoor,ZONE_B,5,5231,5290,1.0,8,6.1,7,0.0091818865846994,0.01647464,0.4818295956284153,362,0.0009726460109289,0.029179380273224,0.14923261,0.0281206281195019,-0.0002697419672131,0.6828903906378184,48.09611092896174,0.2643910916896686,0.989071038251366,133,4.433333333333334,ABNORMAL_WITHIN_6SEC,1,TEST
SEQ_08,SCENE_02,Indoor,ZONE_A,6,5291,5350,1.0,4,3.466666666666667,4,0.0091234565865384,0.01268827,0.4050238124999999,208,0.0007987796634615,0.0239634004326923,0.0919665,0.0195211872571158,-0.00353717625,0.549069927365471,54.74870961538461,0.2764675608007366,1.0,73,2.433333333333333,ABNORMAL_WITHIN_6SEC,1,TEST
SEQ_08,SCENE_02,Indoor,ZONE_B,6,5291,5350,1.0,9,6.15,8,0.0081084981300813,0.01447461,0.4178218401084011,366,0.0007556761246612,0.0226702803794037,0.15128484,0.0229377741763164,0.0134030244444444,0.6180325527892514,48.99073387533876,0.3109110471255229,0.991869918699187,73,2.433333333333333,ABNORMAL_WITHIN_6SEC,1,TEST
SEQ_08,SCENE_02,Indoor,ZONE_A,7,5351,5410,1.0,4,2.75,3,0.0093950389090909,0.01379117,0.4460725757575758,164,0.0013411353333333,0.0402340624242424,0.20993777,0.0392896295514012,0.0113283924242424,0.8487371097736613,52.94051636363636,0.2308015081336106,0.993939393939394,13,0.43333333333333335,ABNORMAL_WITHIN_6SEC,1,TEST
SEQ_08,SCENE_02,Indoor,ZONE_B,7,5351,5410,1.0,11,6.4,7,0.0076211235416666,0.01487826,0.4133562682291667,379,0.001103526171875,0.033105783828125,0.18702774,0.0326117609642157,0.0229390462239583,0.7731032825626118,52.38199010416667,0.1522788307016873,0.9869791666666666,13,0.43333333333333335,ABNORMAL_WITHIN_6SEC,1,TEST
SEQ_08,SCENE_02,Indoor,ZONE_C,7,5409,5410,0.0333333333333333,1,1.0,1,0.01223116,0.01232605,0.348959,2,0.00568253,0.170475785,0.1899839,0.019508115,1.283517295,0.1130304049999999,7.891,0.994166479684242,1.0,13,0.43333333333333335,ABNORMAL_WITHIN_6SEC,1,TEST
SEQ_09,SCENE_03,Outdoor_Plaza,ZONE_A,0,5598,5657,1.0,4,3.15,4,0.0095932541798941,0.01928816,0.4136183756613756,185,0.0016108748677248,0.0483262391534391,0.35450269,0.0456101876924704,-0.0509634873544973,1.3146441939852131,35.43306984126984,0.3750507177090863,0.9788359788359788,539,17.966666666666665,NO_TRANSITION_WITHIN_6SEC,0,TRAIN
SEQ_09,SCENE_03,Outdoor_Plaza,ZONE_B,0,5598,5657,1.0,7,4.966666666666667,6,0.009753499328859,0.01631049,0.4422573489932885,291,0.0018056875167785,0.054170625771812,0.20455494,0.0373541810823868,0.0030740531208053,1.2051852921843704,42.86359832214765,0.4460965657922304,0.976510067114094,539,17.966666666666665,NO_TRANSITION_WITHIN_6SEC,0,TRAIN
SEQ_09,SCENE_03,Outdoor_Plaza,ZONE_C,0,5598,5657,1.0,4,1.6,2,0.0115596391666666,0.01664773,0.453520375,91,0.0014417717708333,0.0432531626041666,0.21713971,0.0364225132373412,0.0489382043749999,1.0499341338401296,45.693294791666666,0.4084887011627174,0.9479166666666666,539,17.966666666666665,NO_TRANSITION_WITHIN_6SEC,0,TRAIN
SEQ_09,SCENE_03,Outdoor_Plaza,ZONE_A,1,5658,5717,1.0,9,4.85,6,0.0115354808247422,0.02040995,0.3181563333333334,281,0.0016602908247422,0.0498087223367697,0.24297181,0.0402271826340331,0.0410134659450171,1.239576922712441,43.51300378006873,0.0791856180364588,0.9656357388316152,479,15.966666666666667,NO_TRANSITION_WITHIN_6SEC,0,TRAIN
SEQ_09,SCENE_03,Outdoor_Plaza,ZONE_B,1,5658,5717,1.0,8,4.233333333333333,6,0.0100971441338582,0.01554025,0.3874888307086614,250,0.0015687221653543,0.0470616638582677,0.25350114,0.037302577241754,0.0317032762598425,1.0689613163062508,41.15405039370079,0.3571247599767821,0.984251968503937,479,15.966666666666667,NO_TRANSITION_WITHIN_6SEC,0,TRAIN
SEQ_09,SCENE_03,Outdoor_Plaza,ZONE_C,1,5658,5717,1.0,2,1.8166666666666669,2,0.0126400175229357,0.01784164,0.355740128440367,108,0.0011630205504587,0.0348906300917431,0.14756068,0.032178292516631,-0.0070670313761467,0.9399163337842114,60.83884311926605,0.3261809808777888,0.9908256880733946,479,15.966666666666667,NO_TRANSITION_WITHIN_6SEC,0,TRAIN
SEQ_09,SCENE_03,Outdoor_Plaza,ZONE_A,2,5718,5777,1.0,9,3.816666666666667,5,0.0122493330567685,0.02311817,0.3465149825327511,221,0.0017739731441048,0.0532191890393013,0.25998704,0.0398597348245901,-0.0056300558078602,1.2640005635863802,39.41334279475983,0.2045905682565919,0.965065502183406,419,13.966666666666667,NO_TRANSITION_WITHIN_6SEC,0,TRAIN
SEQ_09,SCENE_03,Outdoor_Plaza,ZONE_B,2,5718,5777,1.0,6,4.3,5,0.0101496207751937,0.02193879,0.4015549147286821,256,0.0016729159302325,0.0501874841860465,0.60557344,0.0574977703511647,-0.0203258690310077,1.5435268970338971,45.03768992248062,0.3603383553634744,0.992248062015504,419,13.966666666666667,NO_TRANSITION_WITHIN_6SEC,0,TRAIN
SEQ_09,SCENE_03,Outdoor_Plaza,ZONE_C,2,5718,5777,0.9833333333333332,2,1.3389830508474576,2,0.0133967175949367,0.01613988,0.3583554430379747,75,0.0016747405063291,0.0502422210126582,0.25362989,0.0391733756361693,0.1024748618987341,1.2891089302408274,47.33109240506328,0.2373079724087037,0.9493670886075948,419,13.966666666666667,NO_TRANSITION_WITHIN_6SEC,0,TRAIN
SEQ_09,SCENE_03,Outdoor_Plaza,ZONE_A,3,5778,5837,1.0,10,4.883333333333334,6,0.0094986043686006,0.03263918,0.3442275631399317,286,0.0016328019112627,0.0489840598293515,0.36963581,0.0418369003006081,0.0032927259385665,1.2563234638824297,40.35472798634813,0.2431914553100563,0.9761092150170648,359,11.966666666666667,NO_TRANSITION_WITHIN_6SEC,0,TRAIN
SEQ_09,SCENE_03,Outdoor_Plaza,ZONE_B,3,5778,5837,1.0,7,3.0166666666666666,4,0.0110655097790055,0.01844224,0.3747532928176796,175,0.0015999981767955,0.047999948839779,0.24293326,0.0384467719715452,0.0552123746961325,1.2737810604782696,47.86163646408839,0.213796042967578,0.9668508287292816,359,11.966666666666667,NO_TRANSITION_WITHIN_6SEC,0,TRAIN
SEQ_09,SCENE_03,Outdoor_Plaza,ZONE_C,3,5778,5837,0.8166666666666667,3,1.1224489795918366,2,0.0135592952727272,0.01933842,0.3557631636363637,51,0.001521085090909,0.0456325669090909,0.12205567,0.028082835647115,-0.0341481570909091,1.120845759899403,32.12348545454545,0.6882730396660397,0.9272727272727272,359,11.966666666666667,NO_TRANSITION_WITHIN_6SEC,0,TRAIN
SEQ_09,SCENE_03,Outdoor_Plaza,ZONE_A,4,5838,5897,1.0,7,4.066666666666666,5,0.0104140307786885,0.0291237,0.4819954590163934,238,0.0019566764344262,0.0587002812704918,0.30148753,0.0381486329922078,0.0241963299180327,1.1655163879961066,31.74795409836065,0.6771540490026272,0.9754098360655736,299,9.966666666666667,NO_TRANSITION_WITHIN_6SEC,0,TRAIN
SEQ_09,SCENE_03,Outdoor_Plaza,ZONE_B,4,5838,5897,1.0,14,5.233333333333333,9,0.0115863101273885,0.02800915,0.4258760318471338,293,0.0019337278343949,0.058011835477707,0.3326181,0.0489740778096128,0.0426677100636942,1.4794794137682132,34.80569394904459,0.039089601639358,0.9331210191082804,299,9.966666666666667,NO_TRANSITION_WITHIN_6SEC,0,TRAIN
SEQ_09,SCENE_03,Outdoor_Plaza,ZONE_C,4,5838,5897,0.4,2,1.0,1,0.0124515991666666,0.01338107,0.4676272916666666,24,0.0018883641666666,0.05665093375,0.24166071,0.0509469493789516,0.1167682883333333,1.376303552503348,32.78425416666666,0.5989492368594673,1.0,299,9.966666666666667,NO_TRANSITION_WITHIN_6SEC,0,TRAIN
SEQ_09,SCENE_03,Outdoor_Plaza,ZONE_A,5,5898,5957,1.0,3,1.3833333333333333,2,0.0113828312048192,0.01580147,0.5108176506024097,82,0.0018454774698795,0.055364319879518,0.23186019,0.0331583367680296,-0.0690476824096385,1.1858578858097526,33.70428554216868,0.7702916079591187,0.9879518072289156,239,7.966666666666667,NO_TRANSITION_WITHIN_6SEC,0,TRAIN
SEQ_09,SCENE_03,Outdoor_Plaza,ZONE_B,5,5898,5957,1.0,14,5.983333333333333,8,0.011385059832869,0.01958379,0.4255589665738161,347,0.0021896567130919,0.0656896987743732,0.38971844,0.0494046512636994,0.0066835397771587,1.649155386570298,40.98692924791087,0.2030111320061632,0.9665738161559888,239,7.966666666666667,NO_TRANSITION_WITHIN_6SEC,0,TRAIN
SEQ_09,SCENE_03,Outdoor_Plaza,ZONE_C,5,5898,5957,0.9833333333333332,4,1.4745762711864407,3,0.0128224386206896,0.01799076,0.451980528735632,83,0.001741276091954,0.0522382785057471,0.14570283,0.0329507916558056,-0.0812854485057471,1.1648171570400845,40.33433333333333,0.3742164668234702,0.9540229885057472,239,7.966666666666667,NO_TRANSITION_WITHIN_6SEC,0,TRAIN
SEQ_09,SCENE_03,Outdoor_Plaza,ZONE_A,6,5958,6017,1.0,5,2.65,4,0.0133325557232704,0.01940123,0.4242862075471698,153,0.0020462394339622,0.0613871785534591,0.37775053,0.0498132979191054,0.034305516981132,1.558802473545154,40.00419433962264,0.4116130766275689,0.9622641509433962,179,5.966666666666667,ABNORMAL_WITHIN_6SEC,1,TRAIN
SEQ_09,SCENE_03,Outdoor_Plaza,ZONE_B,6,5958,6017,1.0,9,4.4,6,0.0122699234090909,0.01640875,0.4144159090909091,257,0.0017489194318181,0.0524675783712121,0.21414589,0.0378904307640276,0.0060256412499999,1.071992114286921,38.02267537878788,0.0351404013860387,0.9734848484848484,179,5.966666666666667,ABNORMAL_WITHIN_6SEC,1,TRAIN
SEQ_09,SCENE_03,Outdoor_Plaza,ZONE_C,6,5958,6017,0.6,4,1.5555555555555556,3,0.0131329669642857,0.01567811,0.4488620892857143,54,0.0014696128571428,0.0440883808928571,0.10153612,0.0236814094482065,0.0354165383928571,0.6501715183402743,28.14392857142857,0.5062358408509217,0.9642857142857144,179,5.966666666666667,ABNORMAL_WITHIN_6SEC,1,TRAIN
SEQ_09,SCENE_03,Outdoor_Plaza,ZONE_A,7,6018,6077,1.0,7,2.783333333333333,5,0.0112110391017964,0.01934367,0.4098500299401197,159,0.0027130188023952,0.0813905597005988,0.70555334,0.073147302408681,-0.0379908547904191,2.056081341639872,37.06235628742515,0.4661421273952726,0.9520958083832336,119,3.966666666666667,ABNORMAL_WITHIN_6SEC,1,TRAIN
SEQ_09,SCENE_03,Outdoor_Plaza,ZONE_B,7,6018,6077,1.0,7,3.733333333333333,6,0.0111237811607142,0.01952642,0.3529636919642857,217,0.0021600032589285,0.0648001000446428,0.42329546,0.0538662871273179,0.0356295424107142,1.5756154699334195,45.86964642857142,0.1512104208118785,0.96875,119,3.966666666666667,ABNORMAL_WITHIN_6SEC,1,TRAIN
SEQ_09,SCENE_03,Outdoor_Plaza,ZONE_C,7,6018,6077,1.0,6,2.3,3,0.0120150608695652,0.01877971,0.387289268115942,131,0.0019839833333333,0.0595194965217391,0.35784093,0.0472853878646305,0.0973593054347826,1.2795156359557007,37.61672173913043,0.2208320945921819,0.9492753623188406,119,3.966666666666667,ABNORMAL_WITHIN_6SEC,1,TRAIN
SEQ_09,SCENE_03,Outdoor_Plaza,ZONE_A,8,6078,6137,1.0,5,2.65,5,0.0110713775471698,0.01601118,0.4255761698113208,152,0.0017645850314465,0.052937550062893,0.33513683,0.0513351941127492,-0.0472870849685535,1.4197722218624935,42.24949371069182,0.2840316631943238,0.9559748427672956,59,1.9666666666666666,ABNORMAL_WITHIN_6SEC,1,TRAIN
SEQ_09,SCENE_03,Outdoor_Plaza,ZONE_B,8,6078,6137,1.0,9,3.5,5,0.0114432143809523,0.02014171,0.3897822476190477,197,0.0025781934761904,0.0773457898571428,0.51850958,0.0739830221252869,0.1434315156190476,1.8896879210166169,46.05190095238096,0.0840899739498156,0.938095238095238,59,1.9666666666666666,ABNORMAL_WITHIN_6SEC,1,TRAIN
SEQ_09,SCENE_03,Outdoor_Plaza,ZONE_C,8,6078,6137,1.0,5,2.6,4,0.0107595525641025,0.0174826,0.3479587115384615,148,0.0022983432692307,0.0689502980128205,0.54724724,0.0667406194752206,0.0237924768589743,1.9671496983313157,36.20870384615385,0.463476823125778,0.9487179487179488,59,1.9666666666666666,ABNORMAL_WITHIN_6SEC,1,TRAIN
SEQ_10,SCENE_03,Outdoor_Plaza,ZONE_A,0,6256,6315,1.0,5,4.0,5,0.011571739125,0.01974386,0.3746450625,234,0.00162916775,0.048875026125,0.18881615,0.0308493472364299,-0.0180810437916666,0.8979852559262657,40.37524291666667,0.0712408242016266,0.975,569,18.966666666666665,NO_TRANSITION_WITHIN_6SEC,0,TRAIN
SEQ_10,SCENE_03,Outdoor_Plaza,ZONE_B,0,6256,6315,1.0,11,4.183333333333334,7,0.0118295811553784,0.02284451,0.4071375498007968,240,0.002195182629482,0.0658554864143426,0.46903404,0.0544869842821038,0.0460833184860557,1.777892003962901,34.67052310756972,0.1132211068828834,0.9561752988047808,569,18.966666666666665,NO_TRANSITION_WITHIN_6SEC,0,TRAIN
SEQ_10,SCENE_03,Outdoor_Plaza,ZONE_C,0,6256,6263,0.1333333333333333,1,1.0,1,0.01051006,0.01124718,0.471433,7,0.00126795,0.03803851625,0.07427548,0.0241552997866187,0.05294303375,0.6532271441851248,15.8253125,0.8142544397902103,0.875,621,20.7,NO_TRANSITION_WITHIN_6SEC,0,TRAIN
SEQ_10,SCENE_03,Outdoor_Plaza,ZONE_A,1,6316,6375,1.0,7,2.7333333333333334,4,0.0106964221341463,0.01870204,0.3931488902439024,158,0.0019044401829268,0.0571332109756097,0.34005278,0.0472107432508364,0.0936739162804878,1.2852013960966768,39.10465365853658,0.3109515015287237,0.9634146341463414,509,16.966666666666665,NO_TRANSITION_WITHIN_6SEC,0,TRAIN
SEQ_10,SCENE_03,Outdoor_Plaza,ZONE_B,1,6316,6375,1.0,10,4.05,7,0.0116351144032921,0.03097374,0.4194014320987654,230,0.002164690164609,0.0649406923868312,0.34696458,0.0493608540718297,-0.0526981825514403,1.3728512211024846,36.56931810699589,0.2139155456292938,0.9465020576131687,509,16.966666666666665,NO_TRANSITION_WITHIN_6SEC,0,TRAIN
SEQ_10,SCENE_03,Outdoor_Plaza,ZONE_C,1,6348,6375,0.4666666666666667,2,1.8571428571428568,2,0.0117530719230769,0.01600285,0.5292385961538462,52,0.0025776117307692,0.0773283384615384,0.2324304,0.0497128643757368,-0.0755662871153846,1.1779348583139548,36.62786923076924,0.7014699815103592,1.0,509,16.966666666666665,NO_TRANSITION_WITHIN_6SEC,0,TRAIN
SEQ_10,SCENE_03,Outdoor_Plaza,ZONE_A,2,6376,6435,1.0,9,4.416666666666667,7,0.0108394327169811,0.01908112,0.357488958490566,253,0.0016851330943396,0.0505539947169811,0.20367541,0.0378590815251766,-0.0027160756981132,1.0338494380344927,42.24717509433962,0.0322742607085452,0.9547169811320756,449,14.966666666666667,NO_TRANSITION_WITHIN_6SEC,0,TRAIN
SEQ_10,SCENE_03,Outdoor_Plaza,ZONE_B,2,6376,6435,1.0,8,2.75,5,0.0106325546666666,0.0163069,0.4021456484848484,161,0.0016858145454545,0.0505744351515151,0.17888867,0.0333020177603285,0.0397065693333333,1.030793033116029,36.05759151515152,0.3660275478644141,0.9757575757575756,449,14.966666666666667,NO_TRANSITION_WITHIN_6SEC,0,TRAIN
SEQ_10,SCENE_03,Outdoor_Plaza,ZONE_C,2,6376,6435,1.0,2,1.3166666666666669,2,0.0108631563291139,0.01589589,0.3912817974683544,78,0.0017256931645569,0.0517707602531645,0.17617988,0.033544792124477,0.0294581753164557,0.9068708122342978,36.43251898734177,0.5463472162928432,0.9873417721518988,449,14.966666666666667,NO_TRANSITION_WITHIN_6SEC,0,TRAIN
SEQ_10,SCENE_03,Outdoor_Plaza,ZONE_A,3,6436,6495,1.0,8,5.516666666666667,7,0.0092536412990936,0.01456324,0.4565136435045318,323,0.0017889360120845,0.0536680790030211,0.52789526,0.0500453660893458,0.0011375746223564,1.309753862138634,38.50610241691843,0.1179874516635924,0.9758308157099698,389,12.966666666666667,NO_TRANSITION_WITHIN_6SEC,0,TRAIN
SEQ_10,SCENE_03,Outdoor_Plaza,ZONE_B,3,6436,6495,1.0,9,3.933333333333333,6,0.0118694404661016,0.02195402,0.4525400889830508,231,0.0022025730084745,0.0660771854237288,0.27390996,0.0495530172935142,0.0057672607627118,1.496201169999559,42.93973220338983,0.0751688356211653,0.9788135593220338,389,12.966666666666667,NO_TRANSITION_WITHIN_6SEC,0,TRAIN
SEQ_10,SCENE_03,Outdoor_Plaza,ZONE_C,3,6436,6488,0.7833333333333333,2,1.574468085106383,2,0.0100044156756756,0.01516555,0.4096480270270271,73,0.0028592387837837,0.0857771671621621,0.39895983,0.0624722411448634,0.1159212098648648,1.986883057045768,36.12759324324324,0.1247465311526715,0.9864864864864864,396,13.2,NO_TRANSITION_WITHIN_6SEC,0,TRAIN
SEQ_10,SCENE_03,Outdoor_Plaza,ZONE_A,4,6496,6555,1.0,8,4.15,6,0.0105715468273092,0.01654914,0.4656434257028112,244,0.001861031566265,0.0558309495582329,0.32974502,0.0435883758427093,0.0385543041365461,1.4487740855701012,44.39243293172692,0.3396906494417429,0.9799196787148594,329,10.966666666666667,NO_TRANSITION_WITHIN_6SEC,0,TRAIN
SEQ_10,SCENE_03,Outdoor_Plaza,ZONE_B,4,6496,6555,1.0,11,5.5,7,0.0107913655151515,0.02302591,0.3898944303030303,320,0.0020770291212121,0.0623108728181818,0.36965224,0.0440886008284326,0.0337421983636363,1.3725158028355444,43.15918212121212,0.3611878695710471,0.9696969696969696,329,10.966666666666667,NO_TRANSITION_WITHIN_6SEC,0,TRAIN
SEQ_10,SCENE_03,Outdoor_Plaza,ZONE_C,4,6518,6555,0.6333333333333333,3,1.736842105263158,3,0.0130678322727272,0.02091959,0.405567303030303,63,0.0016903498484848,0.0507104859090909,0.28838162,0.0397969818779755,0.0208784443939393,1.3853338722301338,38.08411363636363,0.3867746648103389,0.9545454545454546,329,10.966666666666667,NO_TRANSITION_WITHIN_6SEC,0,TRAIN
SEQ_10,SCENE_03,Outdoor_Plaza,ZONE_A,5,6556,6615,1.0,5,2.333333333333333,3,0.0126035125714285,0.01652692,0.5017377571428572,137,0.0015393323571428,0.0461799717857142,0.19793633,0.0308995489403766,0.026712792,0.9220299627440482,33.40953857142857,0.3632279416277882,0.9785714285714284,269,8.966666666666667,NO_TRANSITION_WITHIN_6SEC,0,TRAIN
SEQ_10,SCENE_03,Outdoor_Plaza,ZONE_B,5,6556,6615,1.0,10,5.1,7,0.0119541158169934,0.01940951,0.3869876013071895,300,0.0019139757516339,0.0574192757843137,0.33838802,0.0381319084743676,-0.0064693891830065,1.2404057518713247,40.74972222222223,0.3155589926617478,0.9803921568627452,269,8.966666666666667,NO_TRANSITION_WITHIN_6SEC,0,TRAIN
SEQ_10,SCENE_03,Outdoor_Plaza,ZONE_C,5,6556,6615,1.0,5,2.3,3,0.0118180647826086,0.01685953,0.3724929347826087,134,0.0019102078260869,0.0573062352173912,0.39170633,0.045700127042426,-0.0079625399275362,1.527337849737492,38.71019420289855,0.2130127408984898,0.9710144927536232,269,8.966666666666667,NO_TRANSITION_WITHIN_6SEC,0,TRAIN
SEQ_10,SCENE_03,Outdoor_Plaza,ZONE_A,6,6616,6675,1.0,4,3.0,4,0.0122292647222222,0.01664387,0.3914352611111111,177,0.0018889672222222,0.0566690253888888,0.20269371,0.0388622223690696,-0.0057183538888888,1.1445770051304802,36.53843,0.30791315826652,0.9833333333333332,209,6.966666666666667,NO_TRANSITION_WITHIN_6SEC,0,TRAIN
SEQ_10,SCENE_03,Outdoor_Plaza,ZONE_B,6,6616,6675,1.0,10,5.283333333333333,7,0.0123715084227129,0.01885536,0.3510416624605679,311,0.0018335119558359,0.0550053594952681,0.2943301,0.0385628957863734,-0.000308254511041,1.2106292355002934,41.44245899053628,0.2774506390896658,0.9810725552050472,209,6.966666666666667,NO_TRANSITION_WITHIN_6SEC,0,TRAIN
SEQ_10,SCENE_03,Outdoor_Plaza,ZONE_C,6,6616,6675,0.4166666666666667,3,1.28,2,0.0142312209374999,0.02325923,0.33142409375,31,0.0028255215625,0.0847656303125,0.60396703,0.1045632227308814,0.0658660540624999,3.598324132406143,41.676615625,0.3137270323955933,0.96875,209,6.966666666666667,NO_TRANSITION_WITHIN_6SEC,0,TRAIN
SEQ_10,SCENE_03,Outdoor_Plaza,ZONE_A,7,6676,6735,1.0,4,2.683333333333333,4,0.0120575203726708,0.01551961,0.4048844782608695,157,0.001852994347826,0.0555898222981366,0.25121059,0.0366085873946601,-0.0314213864596273,0.964170597407292,40.7915552795031,0.1883209698863044,0.9751552795031057,149,4.966666666666667,ABNORMAL_WITHIN_6SEC,1,TRAIN
SEQ_10,SCENE_03,Outdoor_Plaza,ZONE_B,7,6676,6735,1.0,9,4.25,6,0.0126543394117647,0.04234182,0.3807785803921569,245,0.0019528119215686,0.0585843577647058,0.52064889,0.0517311693132558,0.0393696969803921,1.5082180110539587,39.521713725490194,0.4049905379375209,0.9607843137254902,149,4.966666666666667,ABNORMAL_WITHIN_6SEC,1,TRAIN
SEQ_10,SCENE_03,Outdoor_Plaza,ZONE_C,7,6676,6735,0.8833333333333333,3,1.1132075471698113,2,0.0114509669491525,0.01760606,0.307050220338983,56,0.001410640338983,0.0423191950847457,0.12757203,0.0278941219048252,0.0283290818644067,0.9227670203125468,43.000396610169496,0.3448996957920396,0.9491525423728814,149,4.966666666666667,ABNORMAL_WITHIN_6SEC,1,TRAIN
SEQ_10,SCENE_03,Outdoor_Plaza,ZONE_A,8,6736,6795,1.0,3,2.1,3,0.0123187346825396,0.0167617,0.4535353174603174,123,0.0017339738095238,0.0520192241269841,0.26969523,0.0448382437579147,0.0372120576984127,1.234770869578159,41.47107063492064,0.1730614377779391,0.9761904761904762,89,2.966666666666667,ABNORMAL_WITHIN_6SEC,1,TRAIN
SEQ_10,SCENE_03,Outdoor_Plaza,ZONE_B,8,6736,6795,1.0,9,4.883333333333334,6,0.0105197518771331,0.01663548,0.3445653788395904,283,0.0018467462798634,0.0554023829010238,0.41822444,0.0470813970018787,0.0100028463822525,1.544157345201744,44.15561706484642,0.3305744567231166,0.9658703071672357,89,2.966666666666667,ABNORMAL_WITHIN_6SEC,1,TRAIN
SEQ_10,SCENE_03,Outdoor_Plaza,ZONE_C,8,6736,6795,1.0,4,1.7166666666666666,3,0.0106579825242718,0.01286304,0.3456126699029127,97,0.0020970922330097,0.0629127665048543,0.29376924,0.0441204945047778,-0.0022811427184465,1.4794483353409935,29.134054368932045,0.1489958793587716,0.941747572815534,89,2.966666666666667,ABNORMAL_WITHIN_6SEC,1,TRAIN
SEQ_10,SCENE_03,Outdoor_Plaza,ZONE_A,9,6796,6823,0.4666666666666667,3,1.6071428571428572,3,0.010594404,0.01268092,0.3056599111111111,41,0.0017502086666666,0.0525062617777777,0.1504618,0.0414935793262754,0.1580403408888888,1.1991840299933794,39.49154,0.3078667826015123,0.9111111111111112,61,2.033333333333333,ABNORMAL_WITHIN_6SEC,1,TRAIN
SEQ_10,SCENE_03,Outdoor_Plaza,ZONE_B,9,6796,6842,0.75,12,5.177777777777778,8,0.0120239784549356,0.03267592,0.3148234463519312,223,0.002189026609442,0.0656707981115879,0.38003472,0.0571285250779599,0.0108592432618025,1.4968102729207076,42.46326824034335,0.2461712022043866,0.9570815450643776,42,1.4,ABNORMAL_WITHIN_6SEC,1,TRAIN
SEQ_10,SCENE_03,Outdoor_Plaza,ZONE_C,9,6796,6839,0.7333333333333333,4,1.181818181818182,2,0.0119000423076923,0.01479577,0.3351608846153846,49,0.00241004,0.0723011857692307,0.23332852,0.0544333548194922,-0.1582808171153846,1.2662826077284308,30.551188461538462,0.6795583710653692,0.9423076923076924,45,1.5,ABNORMAL_WITHIN_6SEC,1,TRAIN
SEQ_11,SCENE_03,Outdoor_Plaza,ZONE_A,0,6933,6992,1.0,4,2.9833333333333334,3,0.010691721396648,0.01819512,0.4133900111731844,175,0.0015842640782122,0.0475279286033519,0.47417897,0.0452511456040929,-0.0085066055865921,1.3921640950306602,34.67626592178771,0.3576943056551374,0.9776536312849162,709,23.633333333333333,NO_TRANSITION_WITHIN_6SEC,0,TEST
SEQ_11,SCENE_03,Outdoor_Plaza,ZONE_B,0,6933,6992,1.0,9,5.016666666666667,7,0.0111202797342192,0.01634096,0.4413801661129568,295,0.0015881051495016,0.0476431510963455,0.19219972,0.0316309279751897,0.0033873409966777,0.948446081529938,38.18180664451828,0.1035304757911186,0.9800664451827242,709,23.633333333333333,NO_TRANSITION_WITHIN_6SEC,0,TEST
SEQ_11,SCENE_03,Outdoor_Plaza,ZONE_C,0,6933,6992,1.0,7,3.0,4,0.0119821327777777,0.02558412,0.4466112555555556,172,0.0021813526666666,0.0654405775555555,0.57230076,0.0553883552142852,0.0828046557777777,1.4286762399698476,29.383167222222223,0.6018035306009655,0.9555555555555556,709,23.633333333333333,NO_TRANSITION_WITHIN_6SEC,0,TEST
SEQ_11,SCENE_03,Outdoor_Plaza,ZONE_A,1,6993,7052,1.0,5,2.1166666666666667,3,0.0108682717322834,0.01531282,0.5156700393700788,124,0.00183001,0.0549002943307086,0.15312572,0.0333581513940961,-0.0123887459055117,0.8645363350947517,26.10392440944882,0.4607075678151368,0.9763779527559056,649,21.633333333333333,NO_TRANSITION_WITHIN_6SEC,0,TEST
SEQ_11,SCENE_03,Outdoor_Plaza,ZONE_B,1,6993,7052,1.0,14,7.066666666666666,9,0.0112524057783018,0.02454913,0.4094102099056604,413,0.001799839481132,0.0539951935377358,0.45492265,0.0436435889631583,0.0153814583254716,1.253081578328383,33.42942405660377,0.1003101046708725,0.9740566037735848,649,21.633333333333333,NO_TRANSITION_WITHIN_6SEC,0,TEST
SEQ_11,SCENE_03,Outdoor_Plaza,ZONE_C,1,6993,7052,1.0,4,2.5,4,0.0104967133333333,0.01492077,0.40863916,146,0.0023159348,0.0694780497333333,0.17938535,0.0363890262212139,0.0073790238,0.980004378084956,25.717228,0.5571417796957489,0.9733333333333334,649,21.633333333333333,NO_TRANSITION_WITHIN_6SEC,0,TEST
SEQ_11,SCENE_03,Outdoor_Plaza,ZONE_A,2,7053,7112,1.0,7,2.75,4,0.0145575998787878,0.02053147,0.5455473090909091,157,0.0025137939999999,0.0754138188484848,0.37798381,0.0653166748924437,-0.0201654196363636,1.295831205575067,26.632603030303024,0.6085665964731594,0.9515151515151516,589,19.633333333333333,NO_TRANSITION_WITHIN_6SEC,0,TEST
SEQ_11,SCENE_03,Outdoor_Plaza,ZONE_B,2,7053,7112,1.0,16,6.983333333333333,10,0.011118050143198,0.01827925,0.3966562505966587,410,0.0021398320047732,0.0641949576133651,0.45332715,0.0529040267264116,0.0389677861336515,1.6753550993269997,32.6505107398568,0.1491219230450783,0.9785202863961814,589,19.633333333333333,NO_TRANSITION_WITHIN_6SEC,0,TEST
SEQ_11,SCENE_03,Outdoor_Plaza,ZONE_C,2,7053,7112,0.85,6,1.7450980392156863,3,0.012091557977528,0.01632607,0.5119564606741572,86,0.0017848431460674,0.0535452743820224,0.22754129,0.0455233783172962,0.034365081235955,1.5026911897373407,36.58114382022472,0.2348400468701729,0.9662921348314608,589,19.633333333333333,NO_TRANSITION_WITHIN_6SEC,0,TEST
SEQ_11,SCENE_03,Outdoor_Plaza,ZONE_A,3,7113,7172,1.0,6,3.8666666666666663,5,0.0121802306465517,0.01945805,0.4270775689655172,232,0.0019097106465517,0.0572913110344827,0.1882716,0.0321105242393067,-0.0095865905172413,1.0870663298444732,37.74182629310344,0.2182296685128397,1.0,529,17.633333333333333,NO_TRANSITION_WITHIN_6SEC,0,TEST
SEQ_11,SCENE_03,Outdoor_Plaza,ZONE_B,3,7113,7172,1.0,15,6.266666666666667,9,0.0121128587234042,0.02354689,0.406219954787234,364,0.0026359232446808,0.0790776971542553,0.43411416,0.0656849484026917,0.0085669848404255,1.702447673332798,33.78323058510638,0.0548269240663546,0.9680851063829788,529,17.633333333333333,NO_TRANSITION_WITHIN_6SEC,0,TEST
SEQ_11,SCENE_03,Outdoor_Plaza,ZONE_C,3,7113,7172,1.0,4,1.4666666666666666,3,0.0119862329545454,0.02000884,0.5319521590909091,87,0.0012630935227272,0.0378927835227272,0.18473035,0.0309134222627907,-0.0965039119318182,1.1802160459099484,33.192940909090915,0.2942621937953423,0.9886363636363636,529,17.633333333333333,NO_TRANSITION_WITHIN_6SEC,0,TEST
SEQ_11,SCENE_03,Outdoor_Plaza,ZONE_A,4,7173,7232,0.9833333333333332,8,3.016949152542373,5,0.0104733285393258,0.02554968,0.3623257921348314,168,0.0017963340449438,0.0538900211797752,0.66341087,0.0592166833561851,0.1580231824719101,1.637482432492838,41.10221179775281,0.1712206325120791,0.9438202247191012,469,15.633333333333333,NO_TRANSITION_WITHIN_6SEC,0,TEST
SEQ_11,SCENE_03,Outdoor_Plaza,ZONE_B,4,7173,7232,1.0,14,6.516666666666667,9,0.011473170690537,0.03396113,0.4072721815856778,380,0.0018574798721227,0.0557244014833759,0.65772874,0.0601574916992553,-0.0225450467263426,1.620337402467922,41.845322762148335,0.0777114185980648,0.9718670076726342,469,15.633333333333333,NO_TRANSITION_WITHIN_6SEC,0,TEST
SEQ_11,SCENE_03,Outdoor_Plaza,ZONE_C,4,7173,7232,1.0,5,2.25,4,0.0115708668888888,0.02030045,0.4368796370370371,135,0.0018718463703703,0.0561553898518518,0.23857561,0.0539618904881045,-0.0463449724444444,1.025460689880389,37.38533629629631,0.4750908444530368,1.0,469,15.633333333333333,NO_TRANSITION_WITHIN_6SEC,0,TEST
SEQ_11,SCENE_03,Outdoor_Plaza,ZONE_A,5,7233,7292,1.0,8,2.95,5,0.0114999212429378,0.02029889,0.3850159096045198,168,0.0020043030508474,0.0601290899999999,0.27430518,0.0440570867138588,-0.0072855478531073,1.4798082443120597,41.45844915254238,0.3592510779473509,0.9491525423728814,409,13.633333333333333,NO_TRANSITION_WITHIN_6SEC,0,TEST
SEQ_11,SCENE_03,Outdoor_Plaza,ZONE_B,5,7233,7292,1.0,10,4.7,7,0.0118890357092198,0.02827655,0.4662759184397164,275,0.0018026231914893,0.0540786961702127,0.61586377,0.0518637272697379,0.0209437593971631,1.7408854419282735,41.407073758865245,0.2201688711517872,0.975177304964539,409,13.633333333333333,NO_TRANSITION_WITHIN_6SEC,0,TEST
SEQ_11,SCENE_03,Outdoor_Plaza,ZONE_C,5,7233,7292,1.0,6,2.8833333333333333,4,0.0129660645086705,0.02170075,0.4433441791907515,162,0.001643710751445,0.0493113222543352,0.40297892,0.052173852984564,0.040794412485549,1.6030622641303425,35.91187976878612,0.3839659137637207,0.9364161849710982,409,13.633333333333333,NO_TRANSITION_WITHIN_6SEC,0,TEST
SEQ_11,SCENE_03,Outdoor_Plaza,ZONE_A,6,7293,7352,1.0,4,2.083333333333333,3,0.01358903976,0.01685538,0.394189312,121,0.00159959792,0.0479879463999999,0.15826227,0.0325101937782777,0.0100109779999999,0.8765899442069295,41.58737919999999,0.1406461319049798,0.968,349,11.633333333333333,NO_TRANSITION_WITHIN_6SEC,0,TEST
SEQ_11,SCENE_03,Outdoor_Plaza,ZONE_B,6,7293,7352,1.0,7,5.283333333333333,6,0.0113551623028391,0.01913901,0.4750384858044164,315,0.0014991021135646,0.0449730638485804,0.38038694,0.0385001706620662,-0.0052359241955835,1.2980959442304,37.96047413249211,0.1931619008366749,0.9936908517350158,349,11.633333333333333,NO_TRANSITION_WITHIN_6SEC,0,TEST
SEQ_11,SCENE_03,Outdoor_Plaza,ZONE_C,6,7293,7352,1.0,4,2.2333333333333334,3,0.0111491385820895,0.01710267,0.3701377835820896,131,0.0012720367164179,0.0381611004477611,0.1485278,0.0244470596952346,-0.0228856185820895,0.8528138003585279,33.555305970149256,0.4296742736338494,0.9776119402985076,349,11.633333333333333,NO_TRANSITION_WITHIN_6SEC,0,TEST
SEQ_11,SCENE_03,Outdoor_Plaza,ZONE_A,7,7353,7412,1.0,4,2.466666666666667,3,0.0113711580405405,0.01791802,0.4485274324324324,145,0.0018041991216216,0.0541259722972973,0.18100443,0.035022373465308,0.0192885020945945,0.9201091141156992,26.021191216216216,0.5359034924810356,0.9797297297297296,289,9.633333333333333,NO_TRANSITION_WITHIN_6SEC,0,TEST
SEQ_11,SCENE_03,Outdoor_Plaza,ZONE_B,7,7353,7412,1.0,13,6.366666666666666,9,0.01104381013089,0.02341898,0.3896912958115183,367,0.0020543848952879,0.0616315488481675,0.6439858,0.0679766958910908,0.0858584454712041,1.896734379724287,42.07050235602095,0.1478764975425251,0.9607329842931938,289,9.633333333333333,NO_TRANSITION_WITHIN_6SEC,0,TEST
SEQ_11,SCENE_03,Outdoor_Plaza,ZONE_C,7,7353,7412,1.0,4,2.466666666666667,3,0.0111065312837837,0.0155592,0.4047101554054054,147,0.0013177161486486,0.0395314866891891,0.10656948,0.023552564942039,0.0037610441216216,0.64670846838026,32.73980945945946,0.0222706302205574,0.9932432432432432,289,9.633333333333333,NO_TRANSITION_WITHIN_6SEC,0,TEST
SEQ_11,SCENE_03,Outdoor_Plaza,ZONE_A,8,7413,7472,1.0,3,1.3333333333333333,2,0.01048671,0.01480315,0.5229690375,80,0.0015122741249999,0.0453682101249999,0.27395885,0.0402034319928711,0.0139310262499999,1.22397762096813,25.2597075,0.5370247647215087,1.0,229,7.633333333333334,NO_TRANSITION_WITHIN_6SEC,0,TEST
SEQ_11,SCENE_03,Outdoor_Plaza,ZONE_B,8,7413,7472,1.0,13,7.083333333333333,9,0.0109128021411764,0.02270342,0.3935550470588235,411,0.0022044551529411,0.0661336483529411,0.54432359,0.0623908334198714,0.0014473291529411,1.888341266987848,37.59059223529412,0.1404352821682011,0.9670588235294116,229,7.633333333333334,NO_TRANSITION_WITHIN_6SEC,0,TEST
SEQ_11,SCENE_03,Outdoor_Plaza,ZONE_C,8,7413,7472,1.0,3,3.0,3,0.0115741628888888,0.01376508,0.4442667166666666,180,0.0014235988333333,0.0427079738333333,0.14149324,0.0254999271311892,-0.0193678932777777,0.7039497620789302,32.987342777777776,0.1982097136864498,1.0,229,7.633333333333334,NO_TRANSITION_WITHIN_6SEC,0,TEST
SEQ_11,SCENE_03,Outdoor_Plaza,ZONE_A,9,7473,7532,1.0,5,2.533333333333333,3,0.0116147514473684,0.01745185,0.5378517631578947,147,0.0017284008552631,0.0518520289473684,0.31746462,0.0404987042759952,0.032822811118421,1.3191727781591902,36.18725526315789,0.3223187449491058,0.9671052631578948,169,5.633333333333334,ABNORMAL_WITHIN_6SEC,1,TEST
SEQ_11,SCENE_03,Outdoor_Plaza,ZONE_B,9,7473,7532,1.0,9,5.1,8,0.0111838617973856,0.02756645,0.4600945686274511,298,0.0018452856535947,0.0553585661764705,0.57323845,0.0604028707836043,0.051006927745098,1.617055148062772,35.599411764705884,0.068366263646558,0.9738562091503268,169,5.633333333333334,ABNORMAL_WITHIN_6SEC,1,TEST
SEQ_11,SCENE_03,Outdoor_Plaza,ZONE_C,9,7473,7532,1.0,8,3.6,5,0.0116697773611111,0.01828378,0.39833425,211,0.0017336932407407,0.0520108036574074,0.22409458,0.0335002518570474,0.0264513051851851,1.028982772791751,33.77781805555556,0.2890997443527966,0.976851851851852,169,5.633333333333334,ABNORMAL_WITHIN_6SEC,1,TEST
SEQ_11,SCENE_03,Outdoor_Plaza,ZONE_A,10,7533,7592,1.0,4,2.283333333333333,3,0.0127286162773722,0.0179652,0.6450409635036496,136,0.0014531916788321,0.04359575729927,0.18373065,0.0334689617690243,-0.0065695077372262,0.6936649163237298,29.34892189781022,0.6953654859590912,0.9927007299270072,109,3.6333333333333333,ABNORMAL_WITHIN_6SEC,1,TEST
SEQ_11,SCENE_03,Outdoor_Plaza,ZONE_B,10,7533,7592,1.0,11,6.166666666666667,9,0.010606328,0.02465621,0.435733354054054,356,0.0014679485675675,0.0440384594594594,0.20851508,0.0318042180979581,-0.0239754757027027,0.9928397770198096,32.69011594594595,0.082609175713839,0.9621621621621622,109,3.6333333333333333,ABNORMAL_WITHIN_6SEC,1,TEST
SEQ_11,SCENE_03,Outdoor_Plaza,ZONE_C,10,7533,7592,1.0,6,4.016666666666667,5,0.0126488637759336,0.01808775,0.4719050829875518,240,0.001377276846473,0.0413183093360995,0.15597872,0.0294226801022449,-0.020130643692946,0.8136034373963504,34.56454481327801,0.3322481940793163,0.995850622406639,109,3.6333333333333333,ABNORMAL_WITHIN_6SEC,1,TEST
SEQ_11,SCENE_03,Outdoor_Plaza,ZONE_A,11,7593,7652,1.0,4,1.7,2,0.0116071471568627,0.01812839,0.4565111372549019,100,0.0017026814705882,0.0510804516666666,0.11758425,0.0246426872325548,0.0095720507843137,0.8223732783189808,32.82100098039215,0.205962462305038,0.9803921568627452,49,1.6333333333333333,ABNORMAL_WITHIN_6SEC,1,TEST
SEQ_11,SCENE_03,Outdoor_Plaza,ZONE_B,11,7593,7652,1.0,11,6.216666666666667,7,0.0113620522520107,0.01941798,0.4719274235924933,370,0.0019406194906166,0.0582185917426273,0.38445065,0.0486153562550709,0.0581874093297587,1.5707546586663086,40.02766407506702,0.2258131917131886,0.9919571045576407,49,1.6333333333333333,ABNORMAL_WITHIN_6SEC,1,TEST
SEQ_11,SCENE_03,Outdoor_Plaza,ZONE_C,11,7593,7652,1.0,7,4.066666666666666,6,0.0127785891393442,0.02595696,0.4461539590163934,240,0.0018634412295081,0.0559032381557377,0.36082555,0.0399602348905026,0.0360595704508196,1.190218075221953,34.18749426229508,0.6359011474225571,0.9836065573770492,49,1.6333333333333333,ABNORMAL_WITHIN_6SEC,1,TEST
