video_name,video_id,window_index,window_start_sec,window_end_sec,zone_id,unique_person_count,avg_person_count_per_frame,max_person_count_per_frame,zone_presence_ratio,avg_bbox_area_ratio,total_bbox_area_ratio,avg_detection_confidence,valid_motion_rows,avg_movement_norm,avg_speed_px_s,avg_speed_norm_s,speed_std_norm_s,avg_acceleration_norm_s2,acceleration_std_norm_s2,avg_direction_change_deg,mean_direction_deg,direction_consistency,movement_activity
download.mp4,VIDEO_001,0,0.0,2.0,ZONE_A,3,1.1667,2,1.0,0.00228828,0.01601797,0.345842,4,0.00235047,155.3358,0.070514,0.00896012,0.13510743,0.28414864,13.6176,196.1211,0.979792,0.571429
download.mp4,VIDEO_001,0,0.0,2.0,ZONE_B,10,1.5238,3,1.0,0.00217779,0.13937887,0.27917,55,0.00197593,130.5836,0.05927786,0.03444454,0.06515981,0.86457496,14.5067,230.9133,0.870913,0.859375
download.mp4,VIDEO_001,0,0.0,2.0,ZONE_C,26,5.6333,8,1.0,0.00353603,1.19517853,0.37372,302,0.00313984,207.5034,0.09419526,0.05456248,0.08405945,1.58277106,17.7062,213.9851,0.86381,0.893491
download.mp4,VIDEO_001,1,2.0,4.0,ZONE_A,4,1.375,2,1.0,0.00198121,0.0217933,0.332786,7,0.00107347,70.9426,0.03220406,0.02694548,-0.06637796,0.82930439,16.6429,218.4413,0.849786,0.636364
download.mp4,VIDEO_001,1,2.0,4.0,ZONE_B,11,1.75,4,1.0,0.0023964,0.21807254,0.332267,81,0.0017904,118.3224,0.05371195,0.0432664,0.08460841,1.23662541,22.5709,272.7483,0.708043,0.89011
download.mp4,VIDEO_001,1,2.0,4.0,ZONE_C,30,5.8,9,1.0,0.00294889,1.02621338,0.408722,313,0.00299489,197.9236,0.08984657,0.06429484,0.02034733,1.57638884,20.6607,206.9688,0.711919,0.899425
download.mp4,VIDEO_001,2,4.0,6.0,ZONE_A,5,1.1111,3,1.0,0.00227158,0.06814739,0.334603,23,0.00275956,182.3717,0.08278685,0.03575771,-0.01900949,1.07501134,10.9338,330.5299,0.933208,0.766667
download.mp4,VIDEO_001,2,4.0,6.0,ZONE_B,18,1.9804,4,1.0,0.00216677,0.21884376,0.380929,82,0.0023196,153.296,0.06958806,0.04535042,0.09528939,1.22557972,28.9001,222.5024,0.629547,0.811881
download.mp4,VIDEO_001,2,4.0,6.0,ZONE_C,43,6.6,11,1.0,0.00320128,1.26770499,0.419095,335,0.00253121,167.2808,0.07593636,0.07836541,0.05600666,1.56311803,35.6955,199.4197,0.264535,0.84596
download.mp4,VIDEO_001,3,6.0,8.0,ZONE_A,4,1.2258,2,1.0,0.00255608,0.09713086,0.411301,33,0.00200929,132.7883,0.06027867,0.04656952,0.27636807,1.14115657,21.2312,201.2504,0.73584,0.868421
download.mp4,VIDEO_001,3,6.0,8.0,ZONE_B,12,1.2286,2,1.0,0.00218928,0.09413918,0.396216,31,0.00200909,132.7752,0.06027274,0.05172762,0.27333319,1.14459706,18.6087,197.2518,0.483931,0.72093
download.mp4,VIDEO_001,3,6.0,8.0,ZONE_C,42,4.9655,8,1.0,0.00317718,0.91502844,0.383838,233,0.00206228,136.2906,0.06186853,0.05938895,0.07197539,1.27775417,39.2366,44.7534,0.161092,0.809028
download.mp4,VIDEO_001,4,8.0,10.0,ZONE_A,6,1.05,2,1.0,0.00270252,0.05675289,0.364288,15,0.00263573,174.1881,0.07907193,0.04118472,-0.12453454,1.48143547,35.3018,126.5308,0.46766,0.714286
download.mp4,VIDEO_001,4,8.0,10.0,ZONE_B,9,1.5294,4,1.0,0.00199021,0.15523671,0.413304,67,0.0024941,164.8284,0.07482312,0.04241487,0.1616465,1.42471451,20.8782,128.2157,0.160032,0.858974
download.mp4,VIDEO_001,4,8.0,10.0,ZONE_C,44,3.8667,9,1.0,0.00346398,0.80364435,0.377519,173,0.0032963,217.8432,0.09888896,0.07854396,0.19219004,1.51002648,27.4148,16.9957,0.200969,0.74569
download.mp4,VIDEO_001,5,10.0,12.0,ZONE_A,7,1.1944,2,1.0,0.00215418,0.09262958,0.36806,36,0.00213644,141.1913,0.06409315,0.03350376,0.03322344,0.89059063,23.6825,138.1647,0.857136,0.837209
download.mp4,VIDEO_001,5,10.0,12.0,ZONE_B,13,1.5294,4,1.0,0.00195265,0.1523069,0.386492,63,0.00215386,142.3429,0.06461594,0.03529801,0.07192928,1.20994419,21.5088,32.272,0.724356,0.807692
download.mp4,VIDEO_001,5,10.0,12.0,ZONE_C,30,2.6316,7,1.0,0.0034544,0.51815939,0.418009,116,0.00396087,261.7626,0.11882599,0.06453906,0.04617828,1.6591964,14.2468,23.4322,0.626408,0.773333
download.mp4,VIDEO_001,6,12.0,14.0,ZONE_A,4,1.0,1,1.0,0.0020672,0.04547851,0.481056,17,0.00359389,237.51,0.10781662,0.06012264,0.22984394,1.27731739,6.157,28.0011,0.439794,0.772727
download.mp4,VIDEO_001,6,12.0,14.0,ZONE_B,5,1.0,1,1.0,0.00188299,0.03389377,0.251974,13,0.00141224,93.3312,0.0423673,0.02583482,-0.10026103,0.97192679,38.4173,54.2307,0.696309,0.722222
download.mp4,VIDEO_001,6,12.0,14.0,ZONE_C,27,2.2143,6,1.0,0.00266766,0.33079034,0.389285,91,0.00358905,237.1903,0.10767151,0.0557606,0.28156035,1.68866833,14.7008,21.4554,0.873547,0.733871
download.mp4,VIDEO_001,7,14.0,16.0,ZONE_A,4,1.1429,2,1.0,0.00217666,0.01741331,0.298982,4,0.00248728,164.3771,0.07461824,0.01226953,0.05744532,0.08043071,12.3729,122.3675,0.889568,0.5
download.mp4,VIDEO_001,7,14.0,16.0,ZONE_B,4,1.375,3,1.0,0.00156905,0.05177869,0.317092,26,0.00122535,80.9803,0.03676065,0.01778211,-0.00029516,0.57760565,19.8718,23.5304,0.625713,0.787879
download.mp4,VIDEO_001,7,14.0,16.0,ZONE_C,10,2.3871,5,1.0,0.00330957,0.24490787,0.342002,59,0.0024909,164.6168,0.07472707,0.05107283,0.11200581,1.48370043,24.5411,67.3279,0.466361,0.797297
mall.mp4,VIDEO_002,0,0.0,2.0,ZONE_A,13,5.8167,9,1.0,0.00445782,1.55577952,0.441701,332,0.00143148,63.0052,0.0429014,0.02925638,0.02210412,0.91403687,21.6183,154.6461,0.402697,0.951289
mall.mp4,VIDEO_002,0,0.0,2.0,ZONE_B,22,11.55,15,1.0,0.00355252,2.4618968,0.407616,666,0.0008887,39.1154,0.0266344,0.02755191,0.00918857,0.6389454,35.1435,322.3528,0.23964,0.961039
mall.mp4,VIDEO_002,0,0.0,2.0,ZONE_C,7,4.4,5,1.0,0.00370713,0.97868272,0.428266,253,0.00083323,36.6741,0.02497206,0.02802072,0.01376654,0.60113598,39.5686,210.0378,0.372417,0.958333
mall.mp4,VIDEO_002,1,2.0,4.0,ZONE_A,16,5.9,9,1.0,0.00418924,1.48299057,0.485728,340,0.00143156,63.0087,0.04290382,0.03038275,-0.0051566,0.82189174,28.8325,143.5554,0.341308,0.960452
mall.mp4,VIDEO_002,1,2.0,4.0,ZONE_B,25,16.0167,20,1.0,0.00337794,3.24620504,0.444603,946,0.00073066,32.1594,0.02189794,0.02075084,-0.00212575,0.43504723,34.6397,199.6551,0.048691,0.984391
mall.mp4,VIDEO_002,1,2.0,4.0,ZONE_C,9,3.1833,6,1.0,0.00462976,0.88428444,0.43059,181,0.00051617,22.7188,0.01546967,0.01679431,0.02272189,0.41618108,46.9685,234.2613,0.238821,0.947644
mall.mp4,VIDEO_002,2,4.0,6.0,ZONE_A,10,5.2667,7,1.0,0.00477037,1.50743549,0.464218,309,0.00139332,61.3256,0.04175773,0.02880547,0.01412946,0.88501908,27.7959,142.1047,0.487772,0.977848
mall.mp4,VIDEO_002,2,4.0,6.0,ZONE_B,27,16.3167,18,1.0,0.00309618,3.03116508,0.460753,968,0.00069762,30.7053,0.02090781,0.01972314,0.00208536,0.4454672,40.0867,59.9207,0.073762,0.988764
mall.mp4,VIDEO_002,2,4.0,6.0,ZONE_C,9,4.2833,6,1.0,0.00390673,1.00402882,0.455597,252,0.00051115,22.498,0.01531931,0.02562448,0.02157903,0.57495707,42.8346,247.6066,0.093413,0.980545
mall.mp4,VIDEO_002,3,6.0,8.0,ZONE_A,11,5.2,7,1.0,0.00468381,1.46135008,0.35101,298,0.00153651,67.628,0.04604915,0.03051184,0.00170836,1.00212013,24.1295,144.2009,0.498402,0.955128
mall.mp4,VIDEO_002,3,6.0,8.0,ZONE_B,25,16.1667,20,1.0,0.00314959,3.055105,0.436218,955,0.00074389,32.7416,0.02229435,0.02212915,-0.00074136,0.5407895,36.1252,66.629,0.26323,0.984536
mall.mp4,VIDEO_002,3,6.0,8.0,ZONE_C,7,3.9667,5,1.0,0.0038271,0.91084967,0.450757,230,0.00037911,16.6861,0.01136187,0.0092186,0.00397606,0.26527959,30.4656,329.0775,0.29902,0.966387
mall.mp4,VIDEO_002,4,8.0,10.0,ZONE_A,7,3.9,6,1.0,0.0048707,1.13974387,0.438963,229,0.00127864,56.2784,0.03832102,0.04435709,0.00500018,1.46693038,25.9022,114.8659,0.576874,0.978632
mall.mp4,VIDEO_002,4,8.0,10.0,ZONE_B,27,16.2,19,1.0,0.00288201,2.80131516,0.455983,958,0.00061727,27.1684,0.01849946,0.01766381,0.00431708,0.46179303,36.2714,107.2135,0.094839,0.985597
mall.mp4,VIDEO_002,4,8.0,10.0,ZONE_C,10,4.6,6,1.0,0.00354256,0.9777452,0.486275,270,0.00074225,32.6696,0.02224532,0.02268162,0.00311424,0.34923375,37.7149,357.5929,0.286211,0.978261
mall.mp4,VIDEO_002,5,10.0,12.0,ZONE_A,7,2.9333,4,1.0,0.00400462,0.70481269,0.526125,170,0.00103949,45.7523,0.03115359,0.01773866,0.01247369,0.45396903,16.9759,76.6906,0.619105,0.965909
mall.mp4,VIDEO_002,5,10.0,12.0,ZONE_B,24,15.9,18,1.0,0.00279754,2.66885217,0.459083,943,0.00058678,25.8267,0.01758587,0.02351297,-0.00274204,0.6999967,40.6689,100.6405,0.079635,0.98847
mall.mp4,VIDEO_002,5,10.0,12.0,ZONE_C,10,4.1,6,1.0,0.00375173,0.92292648,0.463414,240,0.00065275,28.73,0.01956279,0.01944245,-0.0007716,0.36250482,36.1124,245.5571,0.128858,0.97561
mall.mp4,VIDEO_002,6,12.0,14.0,ZONE_A,10,4.9167,7,1.0,0.00521948,1.53974577,0.42454,285,0.00113844,50.1073,0.03411896,0.02675632,0.0183739,0.82850259,26.71,120.9738,0.491815,0.966102
mall.mp4,VIDEO_002,6,12.0,14.0,ZONE_B,26,18.2833,20,1.0,0.00289995,3.18124315,0.420811,1081,0.00057858,25.4658,0.01734011,0.01875551,0.00480957,0.44628493,37.3731,178.3314,0.204569,0.985415
mall.mp4,VIDEO_002,6,12.0,14.0,ZONE_C,8,5.75,7,1.0,0.00480625,1.65815607,0.492621,339,0.00096776,42.595,0.02900368,0.02925093,0.00310941,0.70935247,37.8659,217.233,0.536636,0.982609
mall.mp4,VIDEO_002,7,14.0,16.0,ZONE_A,14,6.5833,9,1.0,0.00446939,1.76540846,0.451598,383,0.00111843,49.2265,0.03351924,0.02411856,0.00671899,0.66471104,28.9361,142.8905,0.516502,0.96962
mall.mp4,VIDEO_002,7,14.0,16.0,ZONE_B,28,16.2667,19,1.0,0.00310611,3.03156272,0.443818,960,0.0006888,30.3171,0.02064347,0.02255521,-0.00011421,0.58370622,36.8302,135.5019,0.168832,0.983607
mall.mp4,VIDEO_002,7,14.0,16.0,ZONE_C,11,3.5,7,1.0,0.0047046,0.987966,0.463591,204,0.00079822,35.133,0.02392267,0.02948698,0.00018432,0.72509939,41.1649,196.2036,0.388555,0.971429
mall.mp4,VIDEO_002,8,16.0,18.0,ZONE_A,22,7.4833,10,1.0,0.00469625,2.1086156,0.445018,430,0.00147138,64.7616,0.04409735,0.03413346,0.02875081,1.08769882,31.962,130.6424,0.390996,0.957684
mall.mp4,VIDEO_002,8,16.0,18.0,ZONE_B,27,14.1333,18,1.0,0.00316097,2.68049965,0.482489,831,0.0006236,27.4472,0.01868932,0.01865406,0.0036037,0.34993904,34.4811,152.6573,0.103805,0.979953
mall.mp4,VIDEO_002,8,16.0,18.0,ZONE_C,7,2.85,5,1.0,0.00443124,0.75774134,0.416654,170,0.00043416,19.1093,0.0130119,0.01570465,0.0006257,0.52861783,43.8646,269.5504,0.189591,0.994152
mall.mp4,VIDEO_002,9,18.0,20.0,ZONE_A,16,8.0167,10,1.0,0.00467578,2.24904888,0.458556,471,0.00136033,59.8738,0.04076915,0.02926375,-0.00013887,0.85145757,28.2662,131.7903,0.440893,0.97921
mall.mp4,VIDEO_002,9,18.0,20.0,ZONE_B,26,14.6667,18,1.0,0.00300262,2.64230862,0.449852,867,0.00053674,23.6241,0.01608612,0.01876811,-0.00629641,0.42266083,36.1555,246.242,0.087642,0.985227
mall.mp4,VIDEO_002,9,18.0,20.0,ZONE_C,6,3.7,5,1.0,0.00394289,0.87532065,0.474466,216,0.00060222,26.5063,0.01804863,0.02443443,-0.00494185,0.52739887,47.6828,328.8599,0.103435,0.972973
mall.mp4,VIDEO_002,10,20.0,22.0,ZONE_A,12,5.1333,8,1.0,0.00475176,1.46354113,0.415546,294,0.00119581,52.6325,0.03583841,0.03409153,0.01643271,1.02268068,29.4456,152.2768,0.387091,0.954545
mall.mp4,VIDEO_002,10,20.0,22.0,ZONE_B,26,14.9667,19,1.0,0.00249894,2.24405213,0.464752,882,0.00053599,23.5909,0.01606349,0.01642182,0.01049486,0.43226336,34.6266,235.8707,0.219952,0.982183
mall.mp4,VIDEO_002,10,20.0,22.0,ZONE_C,9,4.55,7,1.0,0.00353115,0.96400292,0.443217,263,0.00046197,20.3331,0.01384516,0.02085547,0.00410731,0.65501704,45.1665,29.8736,0.130589,0.96337
mall.mp4,VIDEO_002,11,22.0,24.0,ZONE_A,13,7.2,9,1.0,0.00409789,1.77028711,0.460251,422,0.00115038,50.633,0.03447695,0.02598561,-0.00970313,0.66970289,34.8585,129.1897,0.344804,0.976852
mall.mp4,VIDEO_002,11,22.0,24.0,ZONE_B,24,14.05,18,1.0,0.0025387,2.14012158,0.429003,834,0.00047685,20.9882,0.01429128,0.01581665,0.00683908,0.36629091,44.7593,187.9656,0.125739,0.989324
mall.mp4,VIDEO_002,11,22.0,24.0,ZONE_C,7,3.8167,6,1.0,0.0042462,0.97237999,0.521971,220,0.00032461,14.2873,0.00972847,0.01354898,-0.005241,0.37611067,48.7766,243.9257,0.200862,0.960699
mall.mp4,VIDEO_002,12,24.0,26.0,ZONE_A,14,10.1944,13,1.0,0.00459672,1.68699802,0.441175,353,0.00097706,43.0046,0.02928264,0.03341931,-0.00438732,0.97853274,37.1004,106.3203,0.197848,0.961853
mall.mp4,VIDEO_002,12,24.0,26.0,ZONE_B,18,14.4444,16,1.0,0.00236378,1.22916728,0.470863,514,0.00043052,18.949,0.01290273,0.01406424,-0.00346052,0.32723927,37.6776,249.8872,0.125415,0.988462
mall.mp4,VIDEO_002,12,24.0,26.0,ZONE_C,7,6.25,7,1.0,0.00348383,0.78386191,0.497106,222,0.00029376,12.9296,0.008804,0.01028061,0.00118707,0.23160564,43.4919,253.6131,0.215549,0.986667
new_test.mp4,VIDEO_003,0,0.0,2.0,ZONE_A,19,6.36,9,1.0,0.00619351,3.93907247,0.335065,609,0.00141984,156.3884,0.07099184,0.04632377,-3.648e-05,1.40575483,21.0076,9.0802,0.106955,0.957547
new_test.mp4,VIDEO_003,0,0.0,2.0,ZONE_B,30,10.75,16,1.0,0.00652419,7.01350684,0.32155,1039,0.0013397,147.562,0.06698513,0.04563625,0.00046304,1.73260411,26.4661,343.7827,0.246483,0.966512
new_test.mp4,VIDEO_003,0,0.0,2.0,ZONE_C,27,8.27,10,1.0,0.0064136,5.30404997,0.331799,790,0.0012921,142.3191,0.06460511,0.05207935,0.08654919,2.52261031,26.3894,229.7221,0.400381,0.95526
new_test.mp4,VIDEO_003,1,2.0,4.0,ZONE_A,23,8.13,12,1.0,0.00606838,4.9335894,0.326534,788,0.0013124,144.555,0.06562009,0.04520131,0.02679785,1.53171505,22.1615,231.0848,0.176002,0.96925
new_test.mp4,VIDEO_003,1,2.0,4.0,ZONE_B,30,8.9,13,1.0,0.00652315,5.80560771,0.330622,862,0.00110149,121.3244,0.05507468,0.0381953,0.01796503,1.53630387,27.1883,354.5229,0.051769,0.968539
new_test.mp4,VIDEO_003,1,2.0,4.0,ZONE_C,28,8.43,13,1.0,0.00577095,4.86490988,0.287635,816,0.00109607,120.727,0.05480348,0.03902342,-0.00018658,1.48261485,27.0956,356.5763,0.372559,0.967972
new_test.mp4,VIDEO_003,2,4.0,6.0,ZONE_A,23,6.46,11,1.0,0.00642667,4.15163202,0.334846,621,0.0012681,139.6751,0.0634049,0.03741497,0.01045686,1.42538957,19.2679,242.2158,0.202116,0.9613
new_test.mp4,VIDEO_003,2,4.0,6.0,ZONE_B,25,8.76,14,1.0,0.00643855,5.64016746,0.322959,850,0.0012551,138.2431,0.06275483,0.04227758,0.05116208,2.05647827,29.6959,48.0239,0.067039,0.97032
new_test.mp4,VIDEO_003,2,4.0,6.0,ZONE_C,23,7.27,11,1.0,0.00594394,4.32124205,0.302942,704,0.00103346,113.8309,0.05167305,0.04490763,0.06416533,1.86572833,29.4838,15.7737,0.474817,0.968363
new_test.mp4,VIDEO_003,3,6.0,8.0,ZONE_A,23,7.48,11,1.0,0.00645264,4.826574,0.387224,716,0.00134511,148.1578,0.06725558,0.04367709,0.01868301,2.04092479,20.5559,226.9925,0.192464,0.957219
new_test.mp4,VIDEO_003,3,6.0,8.0,ZONE_B,30,7.67,11,1.0,0.00648905,4.97710438,0.331887,733,0.00138756,152.8327,0.06937774,0.048584,0.02085281,2.38625893,27.0249,19.6299,0.250026,0.955671
new_test.mp4,VIDEO_003,3,6.0,8.0,ZONE_C,26,5.39,9,1.0,0.00703725,3.7930754,0.342764,517,0.00128449,141.4802,0.06422432,0.07035255,0.05595334,3.92996633,33.2676,17.6897,0.334309,0.959184
new_test.mp4,VIDEO_003,4,8.0,10.0,ZONE_A,26,6.84,10,1.0,0.00655608,4.48436039,0.352028,656,0.00149503,164.6711,0.07475173,0.04587851,0.03020727,1.98733816,22.314,5.8457,0.129661,0.959064
new_test.mp4,VIDEO_003,4,8.0,10.0,ZONE_B,25,8.75,12,1.0,0.0061676,5.39664629,0.380846,855,0.00121726,134.0752,0.06086283,0.03897968,0.01555254,1.60428215,24.0842,11.4615,0.41659,0.977143
new_test.mp4,VIDEO_003,4,8.0,10.0,ZONE_C,22,6.93,10,1.0,0.00608737,4.21854956,0.333679,660,0.00113298,124.793,0.05664923,0.04685719,0.05282699,2.01784254,33.3625,7.4573,0.37889,0.952381
new_test.mp4,VIDEO_003,5,10.0,12.0,ZONE_A,11,4.9615,7,1.0,0.00627248,1.6183006,0.380595,251,0.0014006,154.2699,0.07003013,0.03767382,0.03255357,1.94426446,25.0039,263.6124,0.149094,0.972868
new_test.mp4,VIDEO_003,5,10.0,12.0,ZONE_B,24,11.6154,13,1.0,0.00618923,3.73829413,0.372741,587,0.00111521,122.8347,0.05576027,0.04493621,0.01951016,1.6996734,29.0212,6.9789,0.415594,0.971854
new_test.mp4,VIDEO_003,5,10.0,12.0,ZONE_C,19,9.9615,12,1.0,0.00635698,3.29291343,0.34594,502,0.00120337,132.5456,0.06016848,0.04183314,-0.0018834,2.08634622,29.902,14.6548,0.207449,0.969112
test.mp4,VIDEO_005,0,0.0,2.0,ZONE_A,11,4.56,7,1.0,0.02709319,6.17724664,0.639788,215,0.00617365,339.9996,0.15434131,0.20167859,0.16670539,3.46046015,38.0929,350.7819,0.301472,0.942982
test.mp4,VIDEO_005,0,0.0,2.0,ZONE_B,23,7.36,12,1.0,0.01797916,6.61633112,0.565004,339,0.00356003,196.0603,0.08900071,0.12713081,0.06708397,2.84419362,36.499,338.3199,0.226803,0.921196
test.mp4,VIDEO_005,0,0.0,2.0,ZONE_C,9,5.56,7,1.0,0.01287098,3.57813289,0.611855,268,0.00145583,80.1766,0.03639581,0.04189718,0.0072315,1.13105149,47.5111,145.5275,0.058856,0.964029
test.mp4,VIDEO_005,1,2.0,4.0,ZONE_A,5,2.42,3,1.0,0.01542987,1.86701466,0.651846,120,0.0013298,73.2358,0.03324506,0.076557,0.01055478,0.92654709,57.4571,39.9783,0.305761,0.991736
test.mp4,VIDEO_005,1,2.0,4.0,ZONE_B,21,8.94,11,1.0,0.0206812,9.2444942,0.65396,434,0.00379634,209.0749,0.09490862,0.09184274,0.03726432,1.83037795,27.5173,122.5325,0.202386,0.970917
test.mp4,VIDEO_005,1,2.0,4.0,ZONE_C,12,4.18,6,1.0,0.01704159,3.56169175,0.634876,200,0.00248062,136.6145,0.06201557,0.06379955,0.06281761,1.18511132,35.7665,130.2441,0.441435,0.956938
test.mp4,VIDEO_005,2,4.0,6.0,ZONE_A,13,3.42,6,1.0,0.02382602,4.07424938,0.690491,162,0.00518562,285.5858,0.1296404,0.17296946,0.05818992,2.92707983,39.5626,40.6132,0.103829,0.947368
test.mp4,VIDEO_005,2,4.0,6.0,ZONE_B,29,9.64,13,1.0,0.0159957,7.70992891,0.603352,458,0.00385717,212.4246,0.09642921,0.10679275,0.03815173,2.23851466,35.2122,1.6174,0.030717,0.950207
test.mp4,VIDEO_005,2,4.0,6.0,ZONE_C,6,3.76,5,1.0,0.00624546,1.17414728,0.60685,184,0.00105943,58.3457,0.02648576,0.01962557,0.00209973,0.56394757,53.0488,94.53,0.216,0.978723
test.mp4,VIDEO_005,3,6.0,8.0,ZONE_A,20,4.42,7,1.0,0.02831027,6.25657052,0.661553,198,0.00547405,301.4704,0.13685117,0.1421725,0.10040486,2.82166463,24.907,11.9313,0.073536,0.895928
test.mp4,VIDEO_005,3,6.0,8.0,ZONE_B,27,7.86,11,1.0,0.01548421,6.08529304,0.593554,371,0.00307603,169.4052,0.07690073,0.07248897,0.06694893,1.85633956,35.3809,324.9255,0.323392,0.94402
test.mp4,VIDEO_005,3,6.0,8.0,ZONE_C,4,2.66,4,1.0,0.01004608,1.33612833,0.689751,132,0.00107573,59.2434,0.02689327,0.02549354,0.01449257,0.71601678,57.6592,153.0289,0.087869,0.992481
test.mp4,VIDEO_005,4,8.0,10.0,ZONE_A,11,4.98,7,1.0,0.0279797,6.9669444,0.705504,239,0.00571939,314.9819,0.14298465,0.13613215,-0.10884439,2.95881475,34.758,347.6811,0.426686,0.959839
test.mp4,VIDEO_005,4,8.0,10.0,ZONE_B,25,8.26,11,1.0,0.0145384,6.00435767,0.563416,389,0.00254327,140.0647,0.06358175,0.0573336,-0.01832659,1.25102121,32.7277,318.9856,0.305042,0.941889
test.mp4,VIDEO_005,4,8.0,10.0,ZONE_C,6,2.88,4,1.0,0.01555452,2.2398507,0.632287,136,0.00103342,56.9131,0.02583544,0.02463682,-0.00126661,0.57774275,47.7706,55.3982,0.19873,0.944444
test.mp4,VIDEO_005,5,10.0,12.0,ZONE_A,13,4.4,5,1.0,0.0301546,6.63401221,0.718556,211,0.00472444,260.1877,0.11811107,0.12874917,-0.0237314,2.31896505,31.0819,343.5099,0.22425,0.959091
test.mp4,VIDEO_005,5,10.0,12.0,ZONE_B,30,8.54,11,1.0,0.01746254,7.45650454,0.592678,398,0.00314211,173.0446,0.07855285,0.07546468,0.03559978,1.77069089,34.1326,348.3157,0.249365,0.932084
test.mp4,VIDEO_005,5,10.0,12.0,ZONE_C,6,2.76,5,1.0,0.02775186,3.82975645,0.763128,135,0.00160075,88.1575,0.04001873,0.04608459,-0.02031529,1.26343125,44.9757,43.3108,0.154959,0.978261
test.mp4,VIDEO_005,6,12.0,14.0,ZONE_A,7,4.18,6,1.0,0.0225273,4.70820608,0.709547,203,0.00207277,114.1529,0.05181921,0.10332303,0.07974085,1.69797617,51.378,282.5379,0.259276,0.971292
test.mp4,VIDEO_005,6,12.0,14.0,ZONE_B,24,8.08,11,1.0,0.01697522,6.8579905,0.594732,379,0.00305187,168.0746,0.07629673,0.08083046,-5.663e-05,1.7998672,41.3772,312.3693,0.332659,0.938119
test.mp4,VIDEO_005,6,12.0,14.0,ZONE_C,8,2.76,6,1.0,0.02611182,3.60343052,0.667885,130,0.00251052,138.2612,0.06276307,0.09382948,0.02289737,2.02245305,38.8292,140.2751,0.195633,0.942029
walk.mp4,VIDEO_004,0,0.0,2.0,ZONE_A,32,6.85,10,1.0,0.01342139,5.51619043,0.624601,370,0.00242795,213.9419,0.07283849,0.07483596,-0.0478467,1.44208236,31.3937,210.2273,0.303649,0.900243
walk.mp4,VIDEO_004,0,0.0,2.0,ZONE_B,24,7.0333,11,1.0,0.00593688,2.50536326,0.566087,396,0.00161131,141.9826,0.04833929,0.04983206,0.02162572,1.12999444,34.6585,236.1166,0.178815,0.938389
walk.mp4,VIDEO_004,0,0.0,2.0,ZONE_C,17,7.8333,10,1.0,0.01256051,5.90344148,0.696497,448,0.00106176,93.5586,0.03185288,0.02197364,0.02043764,0.617449,38.0903,312.3093,0.064655,0.953191
walk.mp4,VIDEO_004,1,2.0,4.0,ZONE_A,30,9.0167,12,1.0,0.00554976,3.002418,0.534724,501,0.00146523,129.1103,0.04395678,0.04638387,0.0031207,0.96565473,45.3338,290.054,0.167618,0.926063
walk.mp4,VIDEO_004,1,2.0,4.0,ZONE_B,21,7.5333,10,1.0,0.00503662,2.27655132,0.584254,428,0.00112716,99.3213,0.03381486,0.03528993,0.0021746,0.72362185,41.2171,302.5369,0.28147,0.946903
walk.mp4,VIDEO_004,1,2.0,4.0,ZONE_C,20,7.5167,11,1.0,0.02087931,9.41657012,0.657806,427,0.00193739,170.7157,0.05812173,0.05960968,0.0157945,1.5370052,41.1585,6.494,0.012902,0.946785
walk.mp4,VIDEO_004,2,4.0,6.0,ZONE_A,31,8.3333,11,1.0,0.01060289,5.30144664,0.562897,463,0.00217402,191.5669,0.0652207,0.07371465,0.05091058,1.36922845,44.929,312.3325,0.289237,0.926
walk.mp4,VIDEO_004,2,4.0,6.0,ZONE_B,20,7.05,13,1.0,0.00338717,1.43277433,0.552552,404,0.00113827,100.3,0.03414805,0.02852888,0.01967903,0.61493424,36.6712,323.4414,0.402692,0.955083
walk.mp4,VIDEO_004,2,4.0,6.0,ZONE_C,19,6.0333,9,1.0,0.02789279,10.0971893,0.709509,346,0.00219746,193.6323,0.06592389,0.07369248,0.00157515,2.06855846,35.4669,346.2547,0.103139,0.955801
walk.mp4,VIDEO_004,3,6.0,8.0,ZONE_A,36,10.0833,16,1.0,0.00622731,3.76752213,0.500596,551,0.00151146,133.1843,0.04534381,0.05188304,0.03010389,0.87458479,47.01,343.9863,0.332175,0.910744
walk.mp4,VIDEO_004,3,6.0,8.0,ZONE_B,30,7.7,12,1.0,0.00874337,4.03943876,0.641685,424,0.00190474,167.8387,0.05714225,0.06200309,0.03843762,1.67322317,32.4848,333.9638,0.134505,0.917749
walk.mp4,VIDEO_004,3,6.0,8.0,ZONE_C,24,6.6333,9,1.0,0.02330617,9.27585422,0.676708,377,0.00217895,192.0012,0.06536857,0.07693827,0.07626321,2.01122182,31.7912,266.9428,0.087279,0.947236
walk.mp4,VIDEO_004,4,8.0,10.0,ZONE_A,33,6.7667,11,1.0,0.0137121,5.56711242,0.549692,365,0.00265828,234.2379,0.07974844,0.1036657,0.06212857,1.24794331,39.2088,340.8385,0.153431,0.899015
walk.mp4,VIDEO_004,4,8.0,10.0,ZONE_B,29,6.4333,9,1.0,0.0152917,5.90259537,0.613383,353,0.00230428,203.0447,0.06912842,0.08966694,0.01190901,0.97883147,30.2331,352.6361,0.286284,0.914508
walk.mp4,VIDEO_004,4,8.0,10.0,ZONE_C,30,7.4333,11,1.0,0.01613794,7.19752183,0.702347,416,0.00196153,172.8431,0.05884603,0.08979137,0.05904823,2.29637499,36.3543,195.5058,0.124532,0.932735
walk.mp4,VIDEO_004,5,10.0,12.0,ZONE_A,12,5.75,7,1.0,0.01794221,1.65068315,0.550938,86,0.0025748,226.8822,0.07724413,0.16575029,-0.07868608,4.62277406,44.6336,170.5136,0.176645,0.934783
walk.mp4,VIDEO_004,5,10.0,12.0,ZONE_B,10,5.25,7,1.0,0.01146102,0.96272573,0.75098,78,0.00208599,183.8097,0.06257969,0.05138628,0.19869032,1.39779017,21.1888,179.3414,0.160703,0.928571
walk.mp4,VIDEO_004,5,10.0,12.0,ZONE_C,13,8.875,10,1.0,0.01146089,1.62744577,0.71211,139,0.00130973,115.4087,0.03929194,0.0368649,0.05369769,0.8943059,43.3913,344.5768,0.055999,0.978873
